,0,1,2,3,4,5,6,7,8,9,10,11,12,indoorGPS X,indoorGPS Y
0,1672962334477,50.811248,-0.1039819,60.900001525878906,50.811248,-0.1039819,60.900001525878906,,,,,,,1.116,0.031
1,1672962335141,50.811248,-0.1039819,60.900001525878906,50.8112376,-0.1039428999999999,60.900001525878906,0.0,90.0,57.29577951308232,,Stationary,,1.337,-0.121
2,1672962336217,50.8112376,-0.1039429,60.900001525878906,50.8112376,-0.1039428999999999,60.900001525878906,0.0,90.0,57.29577951308232,,Stationary,,1.774,-0.106
3,1672962337278,50.8112376,-0.1039429,60.900001525878906,50.8112376,-0.1039428999999999,60.900001525878906,0.0,90.0,57.29577951308232,,Stationary,,2.01,0.085
4,1672962338334,50.8112376,-0.1039429,60.900001525878906,50.8112376,-0.1039428999999999,60.900001525878906,0.0,90.0,57.29577951308232,,Stationary,,2.286,0.412
5,1672962339170,50.8112376,-0.1039429,60.900001525878906,50.81118998725517,-0.1040515693123498,43.83740234375,0.0,235.3346977820537,49.621461241580654,,VehicleMotion,,2.381,0.566
6,1672962340171,50.811167,-0.1040388,58.38712139172678,50.81115246150684,-0.1040752807704304,40.31378173828125,0.3897767536827834,278.09471691290094,44.22281903318287,,Stationary,,2.337,0.784
7,1672962341178,50.8111427,-0.1040826,60.900001525878906,50.81113279038105,-0.1041292126038078,37.86981201171875,0.3897767536827834,279.473665015696,40.4133655374245,,Stationary,,2.148,0.956
8,1672962342178,50.8111265,-0.1041345,60.900001525878906,50.811128726577806,-0.1041783297181522,41.2178955078125,0.3897767536827834,284.21402768871155,37.46367559079725,,Stationary,,1.921,1.134
9,1672962343169,50.8111222,-0.1041874,60.900001525878906,50.81112927226235,-0.1042386474063693,49.6431884765625,0.3897767536827834,276.75550429296493,19.098971984821684,,Stationary,,1.544,1.238
10,1672962344181,50.8111303,-0.1042224,60.900001525878906,50.811128819302,-0.1042747733306981,51.10760498046875,0.3897767536827834,269.0423722568157,18.84327036167388,,Stationary,,1.139,1.426
11,1672962345166,50.8111329,-0.1042462,60.900001525878906,50.81112919234311,-0.1042949411494429,51.54193115234375,0.3897767536827834,280.1766234722056,18.59484512759798,,Stationary,,0.865,1.878
12,1672962346178,50.8111339,-0.1042711,60.900001525878906,50.81112730013821,-0.1042947862663629,53.08758544921875,0.3897767536827834,284.18598207542925,18.36037055597003,,Stationary,,0.433,2.095
13,1672962347168,50.8111311,-0.1042866,60.900001525878906,50.811123758739534,-0.1042893388719583,52.49114990234375,0.3897767536827834,285.6122103507923,18.130298353580844,,Stationary,,0.115,2.439
14,1672962348178,50.8111256,-0.1042898,60.900001525878906,50.81112266251968,-0.1042930842771768,52.59564208984375,0.3897767536827834,285.57767433649906,17.921051107402263,,Stationary,,-0.193,2.518
15,1672962349170,50.8111227,-0.1042949,60.900001525878906,50.811123595466746,-0.1043066288504099,52.9578857421875,0.3897767536827834,285.3436458047491,17.722843390702923,,Stationary,,-0.451,2.752
16,1672962350176,50.8111229,-0.1043085,60.900001525878906,50.811125745886365,-0.1043118360817845,53.13623046875,0.3897767536827834,285.7476770618267,17.543694989912467,,Stationary,,-0.89,3.052
17,1672962351167,50.8111252,-0.1043147,60.900001525878906,50.81112948236757,-0.1043098510539363,53.89471435546875,0.3897767536827834,284.29010018694305,17.373782748923315,,Stationary,,-1.313,3.29
18,1672962352181,50.8111293,-0.1043128,60.900001525878906,50.811134964953055,-0.1043175420439271,54.75555419921875,0.3897767536827834,276.8178014989534,17.203529662742085,Outside,Stationary,,-1.646,3.478
19,1672962353176,50.8111346,-0.1043171,60.900001525878906,50.81113128695378,-0.1043175413696208,54.87774658203125,0.3897767536827834,290.3232306408969,13.647656657797183,Outside,Stationary,,-1.842,3.234
20,1672962354174,50.8111328,-0.1043167,60.900001525878906,50.81113283668752,-0.1043229135269179,54.88934326171875,0.3897767536827834,294.2960409086514,13.636547763618784,Outside,Stationary,,-2.171,2.873
21,1672962355190,50.8111356,-0.1043183,60.900001525878906,50.811137962520526,-0.1043178436004923,55.2197265625,0.3897767536827834,287.31519224805777,13.637570866839146,Outside,Stationary,,-2.165,2.533
22,1672962356167,50.8111391,-0.1043157,60.900001525878906,50.81113889271269,-0.1043139250936096,55.47747802734375,0.3897767536827834,295.98288380942427,13.638665442701669,Outside,Stationary,,-2.047,2.441
23,1672962357177,50.8111405,-0.1043128,60.900001525878906,50.81114132450325,-0.1043172608568231,56.02813720703125,0.3897767536827834,295.37035478552343,13.62806902807641,Outside,Stationary,,-1.939,2.324
24,1672962358171,50.8111426,-0.1043145,60.900001525878906,50.81114304127963,-0.1043212802450912,56.84161376953125,0.3897767536827834,298.64768996022065,13.629460994921471,Outside,Stationary,,-1.588,2.001
25,1672962359176,50.8111445,-0.1043173,60.900001525878906,50.811144083907536,-0.1043244038964219,58.0379638671875,0.3897767536827834,296.2497990111232,13.630803544458168,Outside,Stationary,,-1.292,1.796
26,1672962360164,50.8111457,-0.1043204,60.900001525878906,50.811146118175216,-0.1043249328180784,58.68402099609375,0.3897767536827834,294.88278353855014,13.620494880607811,Outside,Stationary,,-0.868,1.551
27,1672962361184,50.8111473,-0.1043218,60.900001525878906,50.81115136356035,-0.1043306138490104,58.95135498046875,0.3897767536827834,300.3992487095064,13.622233555546837,Outside,Stationary,,-0.507,1.225
28,1672962362169,50.8111516,-0.1043269,60.900001525878906,50.81115593010895,-0.104329023565223,60.087158203125,0.3897767536827834,291.5415869998791,13.623911253215311,Outside,Stationary,,-0.189,0.964
29,1672962363172,50.8111567,-0.1043276,60.900001525878906,50.81115762582007,-0.1043277094596613,59.76214599609375,0.3897767536827834,291.5524028312698,13.613811519876748,Outside,Stationary,,0.21,0.618
30,1672962364172,50.8111593,-0.1043268,63.33877518783204,50.8111576479636,-0.1043301992854252,59.5611572265625,0.3897767536827834,289.07536063629,13.592425117319513,Outside,Stationary,,0.638,0.323
31,1672962365176,50.8111606,-0.1043278,63.75609147863425,50.81115590835682,-0.1043285330374312,60.04595947265625,0.3897767536827834,291.260850806224,11.672443198524046,Outside,Stationary,,1.074,0.026
32,1672962366168,50.8111588,-0.1043274,63.96903042117096,50.8111541828703,-0.1043338263389341,60.42498779296875,0.3897767536827834,290.67361030463445,10.42681285584726,Outside,Stationary,,1.389,-0.237
33,1672962367176,50.8111555,-0.1043266,63.96903042117096,50.81115298731701,-0.1043459595847679,60.39080810546875,0.3897767536827834,293.97326381311655,9.563652746351645,Outside,Stationary,,1.756,-0.276
34,1672962368179,50.8111531,-0.1043319,64.240120391024,50.811153687321855,-0.1043559304459805,60.444580078125,0.3897767536827834,314.87770014772684,9.703782605422315,Outside,Stationary,,1.984,-0.041
35,1672962369176,50.8111519,-0.1043349,63.43655757492164,50.811155024467006,-0.1043621264196333,60.492919921875,0.3897767536827834,334.15179941713853,9.822999502310015,Outside,Stationary,,2.13,0.184
36,1672962370166,50.8111513,-0.1043387,58.10000228881836,50.81115777128795,-0.1043648899673491,60.5135498046875,0.3897767536827834,350.10128468691835,9.93848299553677,Outside,Stationary,,2.327,0.547
37,1672962371169,50.8111521,-0.1043438,58.10000228881836,50.81115268409733,-0.1043463346285209,60.2359619140625,0.3897767536827834,175.62179902042703,10.01633820305814,Inside,Stationary,,2.468,0.82
38,1672962372164,50.8111536,-0.1043483,58.10000228881836,50.81115268408355,-0.1043463346248225,60.3021240234375,0.3897767536827834,173.28766845783923,10.1627534021611,Inside,Stationary,,2.254,0.922
39,1672962373157,50.811155,-0.1043514,58.10000228881836,50.81115268408344,-0.1043463346248253,60.36114501953125,0.3897767536827834,179.38931671829698,10.307088940536644,Inside,Stationary,,2.034,0.964
40,1672962374169,50.8111563,-0.1043531,58.10000228881836,50.811152684083446,-0.1043463346248277,60.4852294921875,0.3897767536827834,185.36607842877447,10.465127270043928,Inside,Stationary,,1.695,1.144
41,1672962375172,50.8111576,-0.104354,58.10000228881836,50.81115268408344,-0.1043463346248274,60.5482177734375,0.3897767536827834,192.39118414136863,10.636257601393918,Inside,Stationary,,1.267,1.434
42,1672962376169,50.8111595,-0.1043544,58.10000228881836,50.81115268408344,-0.1043463346248302,60.47161865234375,0.3897767536827834,197.00194015885995,10.789475525397334,Inside,Stationary,,0.933,1.727
43,1672962377181,50.8111616,-0.1043542,58.10000228881836,50.81115268408344,-0.1043463346248306,60.38360595703125,0.3897767536827834,200.0087470708344,10.925534670120117,Inside,Stationary,,0.595,2.027
44,1672962378175,50.8111642,-0.1043535,58.10000228881836,50.81115268408344,-0.1043463346248278,60.35858154296875,0.3897767536827834,202.79857806323852,11.074751201630692,Inside,Stationary,,0.137,2.352
45,1672962379177,50.8111668,-0.1043526,58.10000228881836,50.81115268408344,-0.1043463346248287,60.31414794921875,0.3897767536827834,204.5039301038348,11.221983805374446,Inside,Stationary,,-0.171,2.547
46,1672962380168,50.8111692,-0.1043515,58.10000228881836,50.81115268408344,-0.1043463346248296,60.21600341796875,0.3897767536827834,207.70055457028843,11.367309570787734,Inside,Stationary,,-0.633,2.79
47,1672962381172,50.8111711,-0.1043503,58.10000228881836,50.81115268408344,-0.1043463346248274,60.046142578125,0.3897767536827834,210.3938975363461,11.510800720542615,Inside,Stationary,,-1.037,3.162
48,1672962382178,50.8111725,-0.104349,58.10000228881836,50.81115268408344,-0.1043463346248267,59.99615478515625,0.3897767536827834,212.88912128134825,11.652525030137612,Inside,Stationary,,-1.386,3.589
49,1672962383179,50.8111734,-0.1043479,58.10000228881836,50.81115268408344,-0.104346334624825,59.81146240234375,0.3897767536827834,215.0320591950441,11.778618989216207,Inside,Stationary,,-1.721,3.515
50,1672962384166,50.8111742,-0.1043468,58.10000228881836,50.81115268408344,-0.1043463346248258,59.91259765625,0.3897767536827834,219.41449420723723,11.90337729420299,Inside,Stationary,,-1.975,3.174
51,1672962385166,50.8111748,-0.1043454,58.10000228881836,50.81115268408344,-0.1043463346248238,59.95037841796875,0.3897767536827834,221.85814276521185,12.040481608230364,Inside,Stationary,,-2.131,2.816
52,1672962386160,50.8111754,-0.104344,58.10000228881836,50.811152684083446,-0.1043463346248231,59.91796875,0.3897767536827834,207.96650050751575,12.162554134439688,Inside,Stationary,,-2.179,2.592
53,1672962387167,50.8111756,-0.1043428,58.10000228881836,50.811152684083446,-0.1043463346248228,59.88543701171875,0.3897767536827834,184.53034841524493,12.283413564158923,Inside,Stationary,,-1.924,2.476
54,1672962388160,50.8111757,-0.1043413,58.10000228881836,50.811152684083446,-0.104346334624823,59.71197509765625,0.3897767536827834,165.42340535351673,12.429534817253204,Inside,Stationary,,-1.761,2.084
55,1672962389167,50.8111758,-0.1043408,58.10000228881836,50.811152684083446,-0.1043463346248234,59.74755859375,0.3897767536827834,154.04527258469807,12.54782297804574,Inside,Stationary,,-1.4,1.878
56,1672962390173,50.811176,-0.1043404,58.10000228881836,50.811152684083446,-0.1043463346248246,59.742919921875,0.3897767536827834,148.4019021759715,12.665006403603746,Inside,Stationary,,-0.96,1.573
57,1672962391168,50.8111762,-0.1043399,58.10000228881836,50.811152684083446,-0.104346334624823,59.73101806640625,0.3897767536827834,145.57664789116836,12.793951444072176,Inside,Stationary,,-0.526,1.209
58,1672962392174,50.8111766,-0.104339,58.10000228881836,50.811152684083446,-0.1043463346248257,59.73126220703125,0.3897767536827834,142.27801000274496,12.921609803091467,Inside,Stationary,,-0.136,0.955
59,1672962393164,50.811177,-0.1043382,58.10000228881836,50.811152684083446,-0.1043463346248265,59.7281494140625,0.3897767536827834,143.72170508675504,13.03543346491828,Inside,Stationary,,0.16,0.697
60,1672962394161,50.8111773,-0.1043375,58.10000228881836,50.81115268408344,-0.1043463346248259,59.75408935546875,0.3897767536827834,145.51138904571815,13.148271800257378,Inside,Stationary,,0.584,0.392
61,1672962395173,50.8111776,-0.104337,58.10000228881836,50.81115268408344,-0.1043463346248222,59.752197265625,0.3897767536827834,144.97444943416525,13.272522657109151,Inside,Stationary,,1.047,0.093
62,1672962396171,50.8111778,-0.1043365,58.10000228881836,50.81115268408344,-0.1043463346248224,59.75091552734375,0.3897767536827834,144.91599095265371,13.395621076811498,Inside,Stationary,,1.334,-0.09
63,1672962397167,50.8111779,-0.1043362,58.10000228881836,50.81115268408344,-0.1043463346248241,59.76025390625,0.3897767536827834,129.15595763215242,13.505450371921668,Inside,Stationary,,1.729,-0.338
64,1672962398155,50.8111781,-0.104336,58.10000228881836,50.81115268408344,-0.1043463346248245,59.77630615234375,0.3897767536827834,105.2564497937185,13.614393686955577,Inside,Stationary,,1.859,-0.478
65,1672962399160,50.8111781,-0.1043315,60.900001525878906,50.81115268408344,-0.1043463346248252,59.7716064453125,0.3897767536827834,86.61538760809651,13.734428339520006,Inside,Stationary,,1.868,-0.462
66,1672962400161,50.8111789,-0.104327,60.900001525878906,50.81115268408344,-0.1043463346248255,59.77496337890625,0.3897767536827834,74.2458497148321,13.84156954714382,Inside,Stationary,,1.901,-0.326
67,1672962401160,50.8111795,-0.1043237,60.900001525878906,50.81115268408344,-0.1043463346248219,59.7724609375,0.3897767536827834,54.241588886292334,13.947887769963014,Inside,Stationary,,1.915,-0.213
68,1672962402174,50.81118,-0.1043212,60.900001525878906,50.81115268408344,-0.1043463346248222,59.748779296875,0.3897767536827834,26.031125591543,14.0534016863705,Inside,Stationary,,1.921,0.051
69,1672962403167,50.8111803,-0.1043195,60.900001525878906,50.81115268408344,-0.1043463346248259,59.75860595703125,0.3897767536827834,3.5424412056770507,14.158129278741754,Inside,Stationary,,2.12,0.255
70,1672962404166,50.8111806,-0.1043181,60.900001525878906,50.81115268408344,-0.1043463346248261,59.75750732421875,0.3897767536827834,350.8286517647067,14.262087869192737,Inside,Stationary,,2.273,0.606
71,1672962405171,50.8111808,-0.1043171,60.900001525878906,50.81115268408344,-0.1043463346248259,59.74017333984375,0.3897767536827834,342.1644730705103,14.37671578416395,Inside,Stationary,,2.105,0.703
72,1672962406165,50.8111813,-0.1043162,60.900001525878906,50.81115268408344,-0.104346334624825,59.71466064453125,0.3897767536827834,339.2931327683713,14.479105029442607,Inside,Stationary,,1.853,0.922
73,1672962407172,50.811182,-0.1043153,60.900001525878906,50.81115268408344,-0.1043463346248257,59.776123046875,0.3897767536827834,338.1954965476336,14.592028262159957,Inside,Stationary,,1.5,1.108
74,1672962408170,50.8111831,-0.1043141,60.900001525878906,50.81115268408344,-0.1043463346248256,59.8343505859375,0.3897767536827834,338.5699000266012,14.704084301775753,Inside,Stationary,,1.133,1.415
75,1672962409171,50.8111842,-0.1043136,60.900001525878906,50.81115268408344,-0.1043463346248265,59.85107421875,0.3897767536827834,340.5747972285391,14.793118002428177,Inside,Stationary,,0.813,1.841
76,1672962410173,50.8111858,-0.1043129,60.900001525878906,50.81115268408344,-0.1043463346248242,59.89569091796875,0.3897767536827834,339.66462947927647,14.903662186986642,Inside,Stationary,,0.411,2.104
77,1672962411170,50.8111874,-0.104312,60.900001525878906,50.8111585697953,-0.1043495863765517,59.53375244140625,0.5730677743857499,341.7220978345411,15.00245554230326,Inside,OnFoot,,-0.057,2.374
78,1672962412175,50.8111891,-0.1043102,60.900001525878906,50.81115568153081,-0.1043479565467424,59.3072509765625,0.6522038219141278,341.4482464315933,15.111468447800288,Inside,Stationary,,-0.441,2.691
79,1672962413165,50.8111911,-0.1043083,60.900001525878906,50.81115572126385,-0.1043479875152907,59.659912109375,0.6522038219141278,326.15994643118364,15.219700555493972,Inside,Stationary,,-0.747,2.955
80,1672962414164,50.8111928,-0.1043073,60.900001525878906,50.811155716111294,-0.1043479854019829,59.94219970703125,0.6522038219141278,301.84726491073326,15.316455553224738,Inside,Stationary,,-1.147,3.207
81,1672962415162,50.8111935,-0.1043072,60.900001525878906,50.81115571611876,-0.1043479854390423,59.83837890625,0.6522038219141278,282.5929610661772,15.412603168475004,Inside,Stationary,,-1.426,3.589
82,1672962416164,50.811194,-0.1043073,60.900001525878906,50.81115571611879,-0.1043479854397144,59.69976806640625,0.6522038219141278,258.3062159219181,15.529308529809247,Inside,Stationary,,-1.613,3.477
83,1672962417175,50.8111944,-0.1043068,60.900001525878906,50.81115571611878,-0.1043479854397163,59.5035400390625,0.6522038219141278,229.1020285533756,15.62414634880784,Inside,Stationary,,-1.714,3.362
84,1672962418169,50.8111944,-0.1043057,60.900001525878906,50.81115571611878,-0.1043479854397177,59.5673828125,0.6522038219141278,207.98841284078583,15.718411969533484,Inside,Stationary,,-1.836,3.116
85,1672962419175,50.8111949,-0.1043041,60.900001525878906,50.81115571611878,-0.1043479854397199,59.59429931640625,0.6522038219141278,188.42030161997764,15.832863349027305,Inside,Stationary,,-2.106,2.866
86,1672962420168,50.8111949,-0.1043041,60.900001525878906,50.81115571611878,-0.1043479854397203,59.31304931640625,0.6522038219141278,181.9943650930968,15.91558377531292,Inside,Stationary,,-2.159,2.622
87,1672962421169,50.8111966,-0.1043022,60.900001525878906,50.81115571611878,-0.1043479854397196,59.27459716796875,0.6522038219141278,176.2418466939264,16.018383603194827,Inside,Stationary,,-2.083,2.44
88,1672962422161,50.8111973,-0.1043014,60.900001525878906,50.81115571611878,-0.1043479854397204,59.24249267578125,0.6522038219141278,174.13687066855914,16.1205278948618,Inside,Stationary,,-1.799,2.33
89,1672962423165,50.8111979,-0.104301,60.900001525878906,50.81115571611878,-0.104347985439721,59.25140380859375,0.6522038219141278,174.5464002194982,16.21190751651876,Inside,Stationary,,-1.558,2.203
90,1672962424166,50.8111983,-0.1043011,60.900001525878906,50.81115571611878,-0.1043479854397207,59.26873779296875,0.6522038219141278,172.499840960975,16.31284008608234,Inside,Stationary,,-1.264,1.881
91,1672962425168,50.8111984,-0.1043017,60.900001525878906,50.81115571611878,-0.10434798543972,59.26873779296875,0.6522038219141278,172.54014620912972,16.40314839867806,Inside,Stationary,,-0.851,1.619
92,1672962426171,50.8111985,-0.1043024,60.900001525878906,50.811155716118776,-0.1043479854397179,59.28936767578125,0.6522038219141278,172.8945467242629,16.502911371606615,Inside,Stationary,,-0.532,1.311
93,1672962427166,50.8111987,-0.104303,60.900001525878906,50.81115571611878,-0.1043479854397181,59.28936767578125,0.6522038219141278,173.53786018988228,16.60207487301705,Inside,Stationary,,-0.097,0.975
94,1672962428165,50.8111988,-0.1043035,60.900001525878906,50.81115571611878,-0.1043479854397187,59.29119873046875,0.6522038219141278,163.76033640182607,16.6908183084111,Inside,Stationary,,0.348,0.717
95,1672962429165,50.8111988,-0.1043039,60.900001525878906,50.81115571611878,-0.1043479854397187,59.2950439453125,0.6522038219141278,140.7887851248372,16.779092392600433,Inside,Stationary,,0.785,0.37
96,1672962430164,50.8111989,-0.1043043,60.900001525878906,50.811155716118776,-0.1043479854397188,59.31146240234375,0.6522038219141278,118.23110064933012,16.87663319117256,Inside,Stationary,,1.161,0.096
97,1672962431159,50.8111991,-0.1043046,60.900001525878906,50.811155716118776,-0.1043479854397203,59.3045654296875,0.6522038219141278,106.14931685159269,16.963940390853512,Inside,Stationary,,1.536,-0.098
98,1672962432167,50.8111992,-0.1043048,60.900001525878906,50.811155716118776,-0.1043479854397189,59.31329345703125,0.6522038219141278,93.12652520253926,17.05080054717457,Inside,Stationary,,1.848,-0.042
99,1672962433168,50.8111994,-0.1043049,60.900001525878906,50.811155716118776,-0.1043479854397186,59.32952880859375,0.6522038219141278,68.14694566960475,17.137220457660426,Inside,Stationary,,1.89,-0.015
100,1672962434165,50.8111996,-0.1042992,60.900001525878906,50.811155716118776,-0.1043479854397186,59.3192138671875,0.6522038219141278,43.170863015565885,17.223206749311082,Inside,Stationary,,2.033,0.302
101,1672962435162,50.8111997,-0.104294,60.900001525878906,50.811155716118776,-0.1043479854397163,59.37396240234375,0.6522038219141278,24.617213047250345,17.308765884501668,Inside,Stationary,,2.237,0.572
102,1672962436166,50.8112002,-0.1042901,60.900001525878906,50.811155716118776,-0.1043479854397152,59.41204833984375,0.6522038219141278,14.587507068269645,17.403338265820512,Inside,Stationary,,2.307,0.825
103,1672962437171,50.8112009,-0.104287,60.900001525878906,50.811155716118776,-0.1043479854397134,59.3873291015625,0.6522038219141278,8.921195470711439,17.488016139902943,Inside,Stationary,,2.167,0.852
104,1672962438166,50.8112016,-0.1042846,60.900001525878906,50.811155716118776,-0.1043479854397125,59.18267822265625,0.6522038219141278,6.640878896455092,17.581624352133396,Inside,Stationary,,1.967,0.899
105,1672962439167,50.8112022,-0.1042829,60.900001525878906,50.811155716118776,-0.1043479854397124,59.03302001953125,0.6522038219141278,5.330856794929673,17.665447647160867,Inside,Stationary,,1.583,0.937
106,1672962440160,50.8112033,-0.1042805,60.900001525878906,50.811155716118776,-0.1043479854397139,58.7796630859375,0.6522038219141278,6.020956996488792,17.748875071104127,Inside,Stationary,,1.292,1.288
107,1672962441166,50.8112052,-0.1042782,60.900001525878906,50.811155716118776,-0.1043479854397126,58.721435546875,0.6522038219141278,7.198035607522513,17.850312413920673,Inside,Stationary,,0.921,1.636
108,1672962442170,50.811207,-0.1042766,60.900001525878906,50.811155716118776,-0.1043479854397119,58.45550537109375,0.6522038219141278,7.741246248521577,17.923724455443015,Inside,Stationary,,0.516,1.852
109,1672962443165,50.8112092,-0.1042745,60.900001525878906,50.811155716118776,-0.1043479854397116,58.335205078125,0.6522038219141278,9.456877557650271,18.005955239022576,Inside,Stationary,,0.269,2.144
110,1672962444166,50.8112118,-0.1042727,60.900001525878906,50.811155716118776,-0.1043479854397137,58.25146484375,0.6522038219141278,352.5866431139751,18.096884550102576,Inside,Stationary,,-0.021,2.467
111,1672962445175,50.811211,-0.1042702,60.900001525878906,50.811155716118776,-0.104347985439714,57.79315185546875,0.6522038219141278,328.19974793602967,18.187359257729693,Inside,Stationary,,-0.43,2.66
112,1672962446171,50.8112093,-0.1042692,60.900001525878906,50.811155716118776,-0.1043479854397148,57.45306396484375,0.6522038219141278,307.82906112369847,18.277386112892263,Inside,Stationary,,-0.86,2.867
113,1672962447160,50.8112084,-0.1042691,60.900001525878906,50.811155716118776,-0.1043479854397155,57.35394287109375,0.6522038219141278,282.79352014427457,18.358032814947467,Inside,Stationary,,-1.194,3.127
114,1672962448168,50.8112076,-0.1042688,60.900001525878906,50.811155716118776,-0.1043479854397141,57.28662109375,0.6522038219141278,254.6832372847898,18.438326782808712,Inside,Stationary,,-1.411,3.529
115,1672962449169,50.811207,-0.1042687,60.900001525878906,50.811155716118776,-0.1043479854397138,57.3111572265625,0.6522038219141278,223.8376592775479,18.535991517438383,Inside,Stationary,,-1.729,3.56
116,1672962450169,50.8112068,-0.1042689,60.900001525878906,50.811155716118776,-0.1043479854397138,57.25341796875,0.6522038219141278,205.6886422287872,18.615517915159845,Inside,Stationary,,-1.694,3.368
117,1672962451176,50.8112068,-0.1042692,60.900001525878906,50.811155716118776,-0.1043479854397143,57.2689208984375,0.6522038219141278,193.7222090041039,18.703483996296026,Inside,Stationary,,-1.862,3.14
118,1672962452161,50.8112066,-0.1042695,60.900001525878906,50.811155716118776,-0.1043479854397155,57.27215576171875,0.6522038219141278,186.48408231905023,18.78230122521736,Inside,Stationary,,-2.034,2.786
119,1672962453162,50.8112061,-0.10427,60.900001525878906,50.811155716118776,-0.104347985439714,57.29571533203125,0.6522038219141278,183.83205556040696,18.8607890882066,Inside,Stationary,,-2.131,2.605
120,1672962454170,50.8112055,-0.1042705,60.900001525878906,50.811155716118776,-0.1043479854397169,57.3006591796875,0.6522038219141278,179.32885766637003,18.938951680200077,Inside,Stationary,,-1.896,2.431
121,1672962455168,50.8112048,-0.1042711,60.900001525878906,50.811155716118776,-0.1043479854397192,57.312255859375,0.6522038219141278,179.5014130404286,19.025422389395786,Inside,Stationary,,-1.755,2.268
122,1672962456160,50.8112041,-0.1042718,60.900001525878906,50.811155716118776,-0.1043479854397173,57.31219482421875,0.6522038219141278,180.4487130507805,19.094317012529512,Inside,Stationary,,-1.351,1.99
123,1672962457160,50.8112034,-0.1042724,60.900001525878906,50.811155716118776,-0.1043479854397188,57.31219482421875,0.6522038219141278,179.65751266782468,19.17152753147539,Inside,Stationary,,-1.065,1.769
124,1672962458177,50.8112029,-0.1042729,60.900001525878906,50.811155716118776,-0.1043479854397185,57.3123779296875,0.6522038219141278,174.1336311197191,19.248428341171262,Inside,Stationary,,-0.59,1.392
125,1672962459167,50.8112024,-0.1042734,60.900001525878906,50.811155716118776,-0.1043479854397183,57.3123779296875,0.6522038219141278,170.99068591307218,19.32502313893125,Inside,Stationary,,-0.147,1.142
126,1672962460169,50.811202,-0.1042739,60.900001525878906,50.811155716118776,-0.1043479854397212,57.3123779296875,0.6522038219141278,169.52191289517327,19.409773972672017,Inside,Stationary,,0.169,0.86
127,1672962461161,50.8112017,-0.1042743,60.900001525878906,50.811155716118776,-0.104347985439721,57.3707275390625,0.6522038219141278,168.78642403911408,19.48573456108884,Inside,Stationary,,0.647,0.423
128,1672962462155,50.8112014,-0.1042731,55.13620855947757,50.811155716118776,-0.1043479854397213,57.3707275390625,0.6522038219141278,164.6071481310305,19.56140018250439,Inside,Stationary,,1.067,0.209
129,1672962463159,50.8112016,-0.1042604,55.13620855947757,50.811155716118776,-0.1043479854397201,57.3707275390625,0.6522038219141278,137.1873712250728,19.65348478222513,Inside,Stationary,,1.426,-0.002
130,1672962464162,50.8112016,-0.1042563,55.13620855947757,50.811155716118776,-0.1043479854397206,57.3709716796875,0.6522038219141278,114.132858624885,19.728507034244437,Inside,Stationary,,1.811,-0.149
131,1672962465173,50.8112015,-0.1042537,55.48032688218572,50.811155716118776,-0.1043479854397199,57.37078857421875,0.6522038219141278,102.0623025809079,19.803245075371045,Inside,Stationary,,1.901,0.037
132,1672962466174,50.8112014,-0.1042518,32.59594361068581,50.811155716118776,-0.1043479854397177,57.3704833984375,0.6522038219141278,79.74629529689906,19.87770211141884,Inside,Stationary,,2.005,0.385
133,1672962467177,50.8112014,-0.1042503,55.13620855947757,50.811155716118776,-0.1043479854397165,57.3704833984375,0.6522038219141278,48.35034230835089,19.9601064020277,Inside,Stationary,,2.196,0.672
134,1672962468168,50.8112013,-0.1042493,60.900001525878906,50.811155716118776,-0.1043479854397167,57.3709716796875,0.6522038219141278,26.22694727864723,20.03398046558093,Inside,Stationary,,2.225,0.938
135,1672962469162,50.8112013,-0.1042486,60.900001525878906,50.811155716118776,-0.1043479854397185,57.37054443359375,0.6522038219141278,7.769582747801394,20.107583122052823,Inside,Stationary,,2.028,0.853
136,1672962470166,50.8112014,-0.1042481,60.900001525878906,50.811155716118776,-0.104347985439716,57.37054443359375,0.6522038219141278,0.3441420867063129,20.18091734102685,Inside,Stationary,,1.703,0.884
137,1672962471168,50.8112014,-0.1042481,60.900001525878906,50.811155716118776,-0.1043479854397167,57.370849609375,0.6522038219141278,354.3530619032894,20.26208851711364,Inside,Stationary,,1.283,1.214
138,1672962472159,50.8112015,-0.1042483,60.900001525878906,50.811155716118776,-0.1043479854397163,57.3704833984375,0.6522038219141278,353.5776627256725,20.334865546405847,Inside,Stationary,,0.826,1.447
139,1672962473166,50.8112016,-0.1042486,60.900001525878906,50.811155716118776,-0.1043479854397168,57.369384765625,0.6522038219141278,352.3043099074543,20.415424637768066,Inside,Stationary,,0.461,1.813
140,1672962474165,50.8112017,-0.1042491,60.900001525878906,50.811155716118776,-0.1043479854397184,57.369140625,0.6522038219141278,352.9689946136857,20.495667090638623,Inside,Stationary,,0.182,2.177
141,1672962475169,50.8112017,-0.1042495,60.900001525878906,50.811155716118776,-0.1043479854397185,57.36712646484375,0.6522038219141278,354.6951479535073,20.559635565112853,Inside,Stationary,,-0.153,2.406
142,1672962476174,50.8112018,-0.1042499,60.900001525878906,50.811155716118776,-0.10434798543972,57.365966796875,0.6522038219141278,354.2249522796699,20.63931735596721,Inside,Stationary,,-0.42,2.697
143,1672962477168,50.8112018,-0.1042505,60.900001525878906,50.811155716118776,-0.1043479854397214,57.33099365234375,0.6522038219141278,337.6077082109665,20.710768856691207,Inside,Stationary,,-0.689,2.848
144,1672962478164,50.8112019,-0.1042511,60.900001525878906,50.811155716118776,-0.1043479854397216,57.32696533203125,0.6522038219141278,312.86252696756435,20.78197469804809,Inside,Stationary,,-0.96,3.078
145,1672962479166,50.811202,-0.1042516,60.900001525878906,50.811155716118776,-0.1043479854397219,57.329833984375,0.6522038219141278,291.1185550442534,20.85293739657492,Inside,Stationary,,-1.356,3.375
146,1672962480170,50.811202,-0.104252,60.900001525878906,50.811155716118776,-0.1043479854397217,57.3262939453125,0.6522038219141278,273.73566739096043,20.93150267934498,Inside,Stationary,,-1.584,3.526
147,1672962481171,50.8112021,-0.1042523,60.900001525878906,50.811155716118776,-0.1043479854397227,57.32965087890625,0.6522038219141278,263.30458684701773,21.00977417216588,Inside,Stationary,,-1.672,3.327
148,1672962482165,50.8112021,-0.1042526,60.900001525878906,50.811155716118776,-0.1043479854397227,57.3238525390625,0.6522038219141278,252.5249691388308,21.07997003034928,Inside,Stationary,,-1.592,3.369
149,1672962483171,50.8112021,-0.1042528,60.900001525878906,50.811155716118776,-0.1043479854397236,57.32110595703125,0.6522038219141278,224.0985065084648,21.1654488132306,Inside,Stationary,,-1.559,3.315
150,1672962484160,50.8112021,-0.104253,60.900001525878906,50.811155716118776,-0.1043479854397233,57.321533203125,0.6522038219141278,201.76377906364544,21.235130072132485,Inside,Stationary,,-1.547,3.357
151,1672962485167,50.8112022,-0.1042531,60.900001525878906,50.811155716118776,-0.1043479854397232,57.322265625,0.6522038219141278,184.14456247078408,21.312286492310704,Inside,Stationary,,-1.526,3.3
152,1672962486171,50.8112022,-0.1042532,60.900001525878906,50.811155716118776,-0.104347985439725,57.322509765625,0.6522038219141278,176.25484316884706,21.389164590524047,Inside,Stationary,,-1.805,3.052
153,1672962487166,50.8112022,-0.1042533,60.900001525878906,50.811155716118776,-0.1043479854397249,57.28857421875,0.6522038219141278,171.45839982938116,21.458119386273196,Inside,Stationary,,-2.006,2.757
154,1672962488170,50.8112022,-0.1042535,60.900001525878906,50.811155716118776,-0.1043479854397251,57.28900146484375,0.6522038219141278,168.06657980269642,21.53447686723717,Inside,Stationary,,-1.813,2.381
155,1672962489167,50.8112023,-0.1042538,60.900001525878906,50.811155716118776,-0.1043479854397188,57.28863525390625,0.6522038219141278,165.3455249695561,21.60296784380612,Inside,Stationary,,-1.56,2.229
156,1672962490165,50.8112023,-0.104254,60.900001525878906,50.811155716118776,-0.1043479854397203,57.28863525390625,0.6522038219141278,165.68835289436345,21.678815143143588,Inside,Stationary,,-1.375,1.979
157,1672962491167,50.8112024,-0.1042542,60.900001525878906,50.811155716118776,-0.1043479854397192,57.28857421875,0.6522038219141278,168.0302046795748,21.74685153593058,Inside,Stationary,,-1.063,1.813
158,1672962492161,50.8112024,-0.1042543,60.900001525878906,50.81115307760876,-0.1043471210877164,57.288330078125,0.894106177799791,167.65080558669263,21.81467573540328,Inside,Stationary,,-0.73,1.526
159,1672962493171,50.8112024,-0.1042544,60.900001525878906,50.81115293771781,-0.1043470588178272,57.28857421875,0.894106177799791,155.73562077960162,21.889789487127103,Inside,Stationary,,-0.328,1.299
160,1672962494169,50.8112025,-0.1042545,60.900001525878906,50.81115293793091,-0.1043470573899956,57.28826904296875,0.894106177799791,130.8340464521114,21.964646369577547,Inside,Stationary,,-0.008,0.993
161,1672962495161,50.8112025,-0.1042546,60.900001525878906,50.81115293791824,-0.1043470573534709,57.28826904296875,0.894106177799791,112.59644514361456,22.03180010474962,Inside,Stationary,,0.373,0.602
162,1672962496164,50.8112025,-0.1042546,60.900001525878906,50.81115293791819,-0.1043470573522026,57.35333251953125,0.894106177799791,101.72227862143605,22.09874977392825,Inside,Stationary,,0.799,0.357
163,1672962497160,50.8112026,-0.1042429,60.900001525878906,50.81115293791819,-0.1043470573521447,57.35418701171875,0.894106177799791,92.35847269690989,22.17290120667033,Inside,Stationary,,1.187,0.15
164,1672962498170,50.8112027,-0.1042376,60.900001525878906,50.81115293791819,-0.1043470573521463,57.354248046875,0.894106177799791,66.21665383861341,22.23942610850938,Inside,Stationary,,1.593,-0.074
165,1672962499167,50.8112027,-0.1042342,60.900001525878906,50.81115293791819,-0.104347057352145,57.35369873046875,0.894106177799791,40.455923951518514,22.313110047365647,Inside,Stationary,,1.858,-0.092
166,1672962500164,50.8112027,-0.1042319,60.900001525878906,50.81115293791819,-0.1043470573521448,57.35382080078125,0.894106177799791,22.45338912864929,22.386551461443734,Inside,Stationary,,1.89,0.022
167,1672962501170,50.8112028,-0.1042301,60.900001525878906,50.81115293791819,-0.1043470573521456,57.3521728515625,0.894106177799791,13.43217228814217,22.44513157492909,Inside,Stationary,,1.998,0.386
168,1672962502165,50.8112028,-0.1042289,60.900001525878906,50.81115293791819,-0.1043470573521448,57.35113525390625,0.894106177799791,6.59733185082672,22.51085198589417,Inside,Stationary,,2.234,0.722
169,1672962503171,50.8112028,-0.1042284,60.900001525878906,50.81115293791819,-0.1043470573521443,57.35064697265625,0.894106177799791,3.627704693110502,22.576381083910466,Inside,Stationary,,2.105,0.89
170,1672962504166,50.8112028,-0.104228,60.900001525878906,50.81115293791819,-0.1043470573521447,57.35076904296875,0.894106177799791,3.595411726578561,22.641720530052822,Inside,Stationary,,2.043,0.885
171,1672962505165,50.8112028,-0.1042281,60.900001525878906,50.81115293791819,-0.1043470573521432,57.348388671875,0.894106177799791,1.731152007463379,22.714099473916047,Inside,Stationary,,1.699,0.922
172,1672962506164,50.8112028,-0.1042284,60.900001525878906,50.81115293791819,-0.1043470573521399,57.34716796875,0.894106177799791,2.0038329301825115,22.77904389183165,Inside,Stationary,,1.348,1.281
173,1672962507167,50.8112028,-0.1042286,60.900001525878906,50.81115293791819,-0.1043470573521385,57.309814453125,0.894106177799791,1.608542517919659,22.843803674978552,Inside,Stationary,,1.016,1.525
174,1672962508163,50.8112029,-0.1042288,60.900001525878906,50.8111634300949,-0.1043461534058973,57.310791015625,1.2459367866301658,4.359521913885089,22.915544346379985,Inside,OnFoot,,0.624,1.744
175,1672962509163,50.8112029,-0.1042291,60.900001525878906,50.8111588029757,-0.1043465283013484,57.3089599609375,1.6407425195442005,3.763036208509618,22.979919460386064,Inside,Stationary,,0.308,2.143
176,1672962510165,50.811203,-0.1042295,60.900001525878906,50.81115887536495,-0.1043465228603845,57.29510498046875,1.6407425195442005,357.3542014395135,23.04411473936304,Inside,Stationary,,-0.069,2.368
177,1672962511171,50.811203,-0.1042299,60.900001525878906,50.81115887580864,-0.1043465243871232,57.2943115234375,1.6407425195442005,328.07087242682087,23.11523373169933,Inside,Stationary,,-0.32,2.635
178,1672962512172,50.811203,-0.1042304,60.900001525878906,50.81115887582157,-0.1043465244065578,57.2545166015625,1.6407425195442005,308.0061896673489,23.186134581276956,Inside,Stationary,,-0.693,2.896
179,1672962513170,50.811203,-0.1042311,60.900001525878906,50.81115887582164,-0.104346524406771,57.25299072265625,1.6407425195442005,291.8334204534173,23.249760483412807,Inside,Stationary,,-1.143,3.124
180,1672962514167,50.8112031,-0.1042318,60.900001525878906,50.81115887582164,-0.1043465244067741,57.25042724609375,1.6407425195442005,283.39685203967906,23.313212739798526,Inside,Stationary,,-1.436,3.387
181,1672962515174,50.8112031,-0.1042323,60.900001525878906,50.81115887582164,-0.1043465244067744,57.24383544921875,1.6407425195442005,259.07698585096136,23.383513307478943,Inside,Stationary,,-1.698,3.34
182,1672962516163,50.8112032,-0.1042327,60.900001525878906,50.81115887582164,-0.1043465244067737,57.245361328125,1.6407425195442005,233.45339260112144,23.453603154972743,Inside,Stationary,,-1.804,3.121
183,1672962517163,50.8112032,-0.1042331,60.900001525878906,50.81115887582164,-0.1043465244067732,57.2442626953125,1.6407425195442005,216.24255086813776,23.516505409308817,Inside,Stationary,,-2.003,2.892
184,1672962518164,50.8112032,-0.1042333,60.900001525878906,50.81115887582164,-0.1043465244067724,57.244873046875,1.6407425195442005,202.6645622730531,23.579239860119948,Inside,Stationary,,-1.953,2.527
185,1672962519167,50.8112032,-0.1042335,60.900001525878906,50.81115887582164,-0.1043465244067738,57.24554443359375,1.6407425195442005,195.34438620082472,23.64180784322731,Inside,Stationary,,-1.811,2.411
186,1672962520176,50.8112032,-0.1042336,60.900001525878906,50.81115887582164,-0.1043465244067762,57.245361328125,1.6407425195442005,192.73568349434925,23.71113418726473,Inside,Stationary,,-1.564,2.202
187,1672962521171,50.8112032,-0.1042337,60.900001525878906,50.81115655541917,-0.1043473099971048,57.2445068359375,1.749226390633795,188.9415894995429,23.780258425765457,Inside,Stationary,,-1.367,1.983
188,1672962522159,50.8112033,-0.1042338,60.900001525878906,50.81115653635764,-0.1043473142716547,57.2432861328125,1.749226390633795,190.0908099643009,23.835413482383554,Inside,Stationary,,-0.98,1.82
189,1672962523158,50.8112033,-0.1042338,60.900001525878906,50.81115653502231,-0.104347314667729,57.24310302734375,1.749226390633795,192.59088828606764,23.897310760656985,Inside,Stationary,,-0.646,1.468
190,1672962524162,50.8112033,-0.1042338,60.900001525878906,50.81115653497789,-0.1043473146885495,57.30181884765625,1.749226390633795,196.41453312824467,23.95904813022276,Inside,Stationary,,-0.295,1.21
191,1672962525168,50.8112034,-0.1042283,60.900001525878906,50.81115653498141,-0.1043473146868778,57.30181884765625,1.749226390633795,188.80542130845916,24.027459159393445,Inside,Stationary,,0.138,0.974
192,1672962526160,50.8112035,-0.1042227,60.900001525878906,50.811156534981386,-0.1043473146868636,57.3018798828125,1.749226390633795,163.25123284995402,24.095675960767757,Inside,Stationary,,0.512,0.543
193,1672962527161,50.8112036,-0.1042186,60.900001525878906,50.811156534981386,-0.1043473146868673,57.3018798828125,1.749226390633795,140.73692948746276,24.156906377294494,Inside,Stationary,,0.869,0.396
194,1672962528169,50.8112037,-0.1042157,60.900001525878906,50.811156534981386,-0.1043473146868674,57.302001953125,1.749226390633795,123.54024824635314,24.21798198521964,Inside,Stationary,,1.2,0.074
195,1672962529162,50.8112037,-0.1042137,60.900001525878906,50.811156534981386,-0.1043473146868664,57.302001953125,1.749226390633795,97.97717697703835,24.28566362664946,Inside,Stationary,,1.673,-0.046
196,1672962530167,50.8112038,-0.1042121,60.900001525878906,50.811156534981386,-0.1043473146868668,57.3017578125,1.749226390633795,69.62408468340993,24.346416235282543,Inside,Stationary,,1.951,0.086
197,1672962531169,50.8112038,-0.1042108,60.900001525878906,50.811156534981386,-0.1043473146868643,57.30169677734375,1.749226390633795,48.81753963030326,24.407017622329,Inside,Stationary,,2.011,0.364
198,1672962532167,50.8112038,-0.1042097,60.900001525878906,50.811156534981386,-0.1043473146868623,57.3011474609375,1.749226390633795,34.093680612910134,24.467468911430373,Inside,Stationary,,2.237,0.605
199,1672962533166,50.8112038,-0.1042089,60.900001525878906,50.811156534981386,-0.104347314686862,57.30126953125,1.749226390633795,24.54210510452845,24.527771212380088,Inside,Stationary,,2.102,0.896
200,1672962534161,50.8112038,-0.1042088,60.900001525878906,50.811156534981386,-0.1043473146868631,57.3011474609375,1.749226390633795,18.747147137437253,24.58792562136671,Inside,Stationary,,1.984,0.941
201,1672962535170,50.8112038,-0.1042089,60.900001525878906,50.811156534981386,-0.1043473146868611,57.30096435546875,1.749226390633795,16.447400111407774,24.654591716593824,Inside,Stationary,,1.674,0.897
202,1672962536168,50.8112038,-0.1042094,60.900001525878906,50.811156534981386,-0.1043473146868605,57.29931640625,1.749226390633795,16.68759295193604,24.70779508155146,Inside,Stationary,,1.341,1.207
203,1672962537162,50.8112037,-0.1042103,60.900001525878906,50.811156534981386,-0.1043473146868635,57.2662353515625,1.749226390633795,17.654730180498518,24.767512259144365,Inside,Stationary,,1.02,1.503
204,1672962538161,50.8112037,-0.1042109,60.900001525878906,50.811156534981386,-0.1043473146868667,57.265380859375,1.749226390633795,19.78182628502668,24.83369625844629,Inside,Stationary,,0.687,1.723
205,1672962539163,50.8112038,-0.1042114,60.900001525878906,50.811156534981386,-0.1043473146868662,57.26531982421875,1.749226390633795,21.62627444406911,24.893111408011595,Inside,Stationary,,0.314,2.1
206,1672962540172,50.8112038,-0.1042118,60.900001525878906,50.811156534981386,-0.1043473146868643,57.2197265625,1.749226390633795,23.60773435998931,24.95238508212513,Inside,Stationary,,0.028,2.402
207,1672962541177,50.8112039,-0.1042131,60.900001525878906,50.811156534981386,-0.1043473146868628,57.22479248046875,1.749226390633795,14.98732324827995,25.018080014994776,Inside,Stationary,,-0.273,2.542
208,1672962542173,50.811204,-0.1042143,60.900001525878906,50.811156534981386,-0.1043473146868627,57.21771240234375,1.749226390633795,351.6847782451205,25.0770583073784,Inside,Stationary,,-0.585,2.839
209,1672962543172,50.8112041,-0.1042156,60.900001525878906,50.811156534981386,-0.104347314686862,57.21759033203125,1.749226390633795,319.7043881831801,25.135898214837027,Inside,Stationary,,-1.031,3.083
210,1672962544183,50.8112042,-0.1042165,60.900001525878906,50.811156534981386,-0.1043473146868617,57.22216796875,1.749226390633795,291.82990439017794,25.20111476535615,Inside,Stationary,,-1.291,3.35
211,1672962545169,50.8112043,-0.1042173,60.900001525878906,50.811156534981386,-0.1043473146868623,57.22235107421875,1.749226390633795,277.1039013128807,25.259665697146318,Inside,Stationary,,-1.703,3.498
212,1672962546173,50.8112043,-0.1042179,60.900001525878906,50.811156534981386,-0.1043473146868623,57.2266845703125,1.749226390633795,268.9903427405485,25.324563520062505,Inside,Stationary,,-1.778,3.248
213,1672962547174,50.8112044,-0.1042183,60.900001525878906,50.811156534981386,-0.1043473146868635,57.22430419921875,1.749226390633795,277.14329523832885,25.389295457567933,Inside,Stationary,,-2.019,3.008
214,1672962548169,50.8112044,-0.1042187,60.900001525878906,50.811156534981386,-0.1043473146868639,57.22637939453125,1.749226390633795,281.55212860209025,25.44741341564604,Inside,Stationary,,-2.098,2.75
215,1672962549175,50.8112044,-0.1042189,60.900001525878906,50.811156534981386,-0.1043473146868655,57.2236328125,1.749226390633795,266.6064326704617,25.50539894339842,Inside,Stationary,,-2.189,2.559
216,1672962550166,50.8112044,-0.104219,60.900001525878906,50.811156534981386,-0.1043473146868636,57.2236328125,1.749226390633795,245.0128476003281,25.563252942003857,Inside,Stationary,,-1.81,2.373
217,1672962551167,50.8112044,-0.1042191,60.900001525878906,50.811156534981386,-0.1043473146868635,57.22381591796875,1.749226390633795,226.54351789749228,25.620976302475626,Inside,Stationary,,-1.641,2.238
218,1672962552158,50.8112044,-0.1042191,60.900001525878906,50.811156534981386,-0.1043473146868652,57.22381591796875,1.749226390633795,213.72083873600275,25.678569905795683,Inside,Stationary,,-1.25,1.98
219,1672962553169,50.8112044,-0.1042191,60.900001525878906,50.811156534981386,-0.104347314686865,57.22454833984375,1.749226390633795,206.2843075652177,25.73603462311153,Inside,Stationary,,-0.876,1.649
220,1672962554163,50.8112044,-0.1042191,60.900001525878906,50.811156534981386,-0.1043473146868662,57.22589111328125,1.749226390633795,198.3662250018482,25.79337131584664,Inside,Stationary,,-0.531,1.376
221,1672962555167,50.8112043,-0.104219,60.900001525878906,50.811156534981386,-0.1043473146868651,57.225341796875,1.749226390633795,194.86457206686495,25.856929635729912,Inside,Stationary,,-0.08,1.082
222,1672962556169,50.8112043,-0.104219,60.900001525878906,50.811156534981386,-0.1043473146868641,57.224365234375,1.749226390633795,195.4912376285298,25.92033210700565,Inside,Stationary,,0.36,0.731
223,1672962557170,50.8112043,-0.1042189,60.900001525878906,50.811156534981386,-0.1043473146868653,57.1900634765625,1.749226390633795,198.90680310020295,25.97726202378752,Inside,Stationary,,0.804,0.386
224,1672962558169,50.8112044,-0.1042191,60.900001525878906,50.811156534981386,-0.1043473146868663,57.1893310546875,1.749226390633795,198.17907564008,26.040371514295195,Inside,Stationary,,1.162,0.171
225,1672962559159,50.8112044,-0.1042193,60.900001525878906,50.811156534981386,-0.104347314686864,57.21826171875,1.749226390633795,199.7295778442821,26.097039569991946,Inside,Stationary,,1.564,-0.126
226,1672962560174,50.8112046,-0.1042155,60.900001525878906,50.811156534981386,-0.104347314686864,57.2181396484375,1.749226390633795,192.02516986387437,26.1598601041318,Inside,Stationary,,1.989,-0.399
227,1672962561171,50.8112047,-0.104213,60.900001525878906,50.811156534981386,-0.1043473146868636,57.2181396484375,1.749226390633795,163.70926136029357,26.22253014142377,Inside,Stationary,,2.156,-0.253
228,1672962562163,50.8112047,-0.1042114,60.900001525878906,50.811156534981386,-0.1043473146868615,57.2183837890625,1.749226390633795,145.27245015466502,26.27880539014081,Inside,Stationary,,1.949,-0.36
229,1672962563166,50.8112047,-0.1042102,60.900001525878906,50.811156534981386,-0.1043473146868618,57.21820068359375,1.749226390633795,129.4328250807758,26.341192438514312,Inside,Stationary,,1.803,-0.527
230,1672962564160,50.8112048,-0.1042093,60.900001525878906,50.811156534981386,-0.1043473146868587,57.2183837890625,1.749226390633795,114.23179299044568,26.39721471666985,Inside,Stationary,,1.764,-0.504
231,1672962565175,50.8112048,-0.1042086,60.900001525878906,50.811156534981386,-0.1043473146868574,57.218505859375,1.749226390633795,85.56753324670865,26.453118351394945,Inside,Stationary,,1.836,-0.112
232,1672962566168,50.8112048,-0.1042081,60.900001525878906,50.811156534981386,-0.1043473146868575,57.21881103515625,1.749226390633795,60.797039544686186,26.515095264075644,Inside,Stationary,,2.091,0.238
233,1672962567167,50.8112048,-0.1042079,60.900001525878906,50.811156534981386,-0.1043473146868554,57.21868896484375,1.749226390633795,45.97099241157224,26.570750884724127,Inside,Stationary,,2.277,0.641
234,1672962568173,50.8112048,-0.1042078,60.900001525878906,50.811156534981386,-0.1043473146868556,57.218994140625,1.749226390633795,36.30338370092568,26.62629017142685,Inside,Stationary,,2.223,0.911
235,1672962569175,50.8112048,-0.1042078,60.900001525878906,50.811156534981386,-0.1043473146868571,57.2191162109375,1.749226390633795,29.96338007073632,26.687864932268784,Inside,Stationary,,1.868,0.971
236,1672962570167,50.8112048,-0.1042079,60.900001525878906,50.811156534981386,-0.1043473146868585,57.21893310546875,1.749226390633795,26.767698805642965,26.74316100161391,Inside,Stationary,,1.47,1.218
237,1672962571170,50.8112047,-0.1042081,60.900001525878906,50.811156534981386,-0.1043473146868573,57.21636962890625,1.749226390633795,26.16591016876299,26.804467290141844,Inside,Stationary,,1.18,1.438
238,1672962572175,50.8112047,-0.1042084,60.900001525878906,50.811156534981386,-0.1043473146868563,57.21142578125,1.749226390633795,25.73002324113349,26.865633680568383,Inside,Stationary,,0.763,1.82
239,1672962573172,50.8112047,-0.1042087,60.900001525878906,50.811156534981386,-0.1043473146868553,57.17388916015625,1.749226390633795,25.499229427186435,26.920564607256804,Inside,Stationary,,0.331,2.17
240,1672962574163,50.8112048,-0.104209,60.900001525878906,50.811156534981386,-0.1043473146868549,57.1712646484375,1.749226390633795,24.47708995958351,26.981467808914445,Inside,Stationary,,0.021,2.402
241,1672962575169,50.8112048,-0.1042092,60.900001525878906,50.811156534981386,-0.1043473146868541,57.1700439453125,1.749226390633795,24.40661891353676,27.04223384769714,Inside,Stationary,,-0.284,2.722
242,1672962576169,50.8112049,-0.1042094,60.900001525878906,50.811156534981386,-0.1043473146868508,57.17132568359375,1.749226390633795,9.287551172338624,27.09680677106721,Inside,Stationary,,-0.705,2.937
243,1672962577170,50.8112049,-0.1042097,60.900001525878906,50.811156534981386,-0.1043473146868486,57.16851806640625,1.749226390633795,346.3275546592321,27.157314733578502,Inside,Stationary,,-1.277,3.006
244,1672962578176,50.8112049,-0.1042099,60.900001525878906,50.811156534981386,-0.1043473146868469,57.168212890625,1.749226390633795,323.2564664355116,27.21768818045735,Inside,Stationary,,-1.369,3.532
245,1672962579168,50.8112049,-0.1042101,60.900001525878906,50.811156534981386,-0.104347314686847,57.17340087890625,1.749226390633795,304.77488699918024,27.271910010186115,Inside,Stationary,,-1.683,3.419
246,1672962580174,50.8112049,-0.1042104,60.900001525878906,50.811156534981386,-0.1043473146868489,57.17132568359375,1.749226390633795,272.3856084941534,27.332030329881064,Inside,Stationary,,-1.941,3.238
247,1672962581166,50.8112049,-0.1042106,60.900001525878906,50.811156534981386,-0.1043473146868475,57.1705322265625,1.749226390633795,247.74403380778813,27.386025773531784,Inside,Stationary,,-2.047,3.02
248,1672962582162,50.8112049,-0.1042107,60.900001525878906,50.811156534981386,-0.1043473146868481,57.17108154296875,1.749226390633795,224.88027760537784,27.44589612343614,Inside,Stationary,,-2.229,2.74
249,1672962583173,50.8112049,-0.1042109,60.900001525878906,50.811156534981386,-0.1043473146868505,57.1719970703125,1.749226390633795,210.31629637973776,27.505636156403867,Inside,Stationary,,-2.007,2.385
250,1672962584177,50.8112049,-0.1042109,60.900001525878906,50.811156534981386,-0.1043473146868496,57.173583984375,1.749226390633795,202.39977214180132,27.55929146555357,Inside,Stationary,,-1.816,2.139
251,1672962585174,50.8112049,-0.1042109,60.900001525878906,50.811156534981386,-0.1043473146868487,57.137939453125,1.749226390633795,197.14207603576995,27.61878622302752,Inside,Stationary,,-1.485,1.94
252,1672962586162,50.811205,-0.1042112,60.900001525878906,50.811156534981386,-0.1043473146868484,57.13909912109375,1.749226390633795,191.7972958998541,27.67815309558865,Inside,Stationary,,-1.062,1.684
253,1672962587171,50.811205,-0.1042114,60.900001525878906,50.811156534981386,-0.104347314686849,57.17022705078125,1.749226390633795,191.61806335309552,27.737392904401467,Inside,Stationary,,-0.692,1.322
254,1672962588166,50.8112051,-0.1042091,60.900001525878906,50.811156534981386,-0.1043473146868492,57.17022705078125,1.749226390633795,194.0226301414405,27.790600764442303,Inside,Stationary,,-0.312,1.156
255,1672962589170,50.8112052,-0.1042064,60.900001525878906,50.811156534981386,-0.1043473146868494,57.17034912109375,1.749226390633795,193.5517295773577,27.849601383118515,Inside,Stationary,,0.074,0.813
256,1672962590158,50.8112053,-0.1042044,60.900001525878906,50.811156534981386,-0.1043473146868484,57.17034912109375,1.749226390633795,193.6726741936899,27.90259527200861,Inside,Stationary,,0.537,0.448
257,1672962591165,50.8112053,-0.104203,60.900001525878906,50.811156534981386,-0.1043473146868507,57.17071533203125,1.749226390633795,175.48047938592254,27.96135957466484,Inside,Stationary,,0.809,0.233
258,1672962592161,50.8112053,-0.1042019,60.900001525878906,50.811156534981386,-0.1043473146868495,57.17071533203125,1.749226390633795,155.16599959525138,28.01414205323244,Inside,Stationary,,1.157,0.091
259,1672962593174,50.8112054,-0.104201,60.900001525878906,50.811156534981386,-0.1043473146868503,57.170654296875,1.749226390633795,135.83822652443342,28.066825269237093,Inside,Stationary,,1.544,-0.186
260,1672962594168,50.8112054,-0.1042004,60.900001525878906,50.811156534981386,-0.1043473146868504,57.170654296875,1.749226390633795,114.93988583634332,28.125246435258425,Inside,Stationary,,1.952,-0.103
261,1672962595167,50.8112054,-0.1042,60.900001525878906,50.811156534981386,-0.1043473146868487,57.1710205078125,1.749226390633795,88.96309428561517,28.17189614001768,Inside,Stationary,,2.09,0.085
262,1672962596168,50.8112054,-0.1041998,60.900001525878906,50.81115653498139,-0.1043473146868507,57.172607421875,1.749226390633795,61.61830930318888,28.224284895087823,Inside,Stationary,,2.245,0.429
263,1672962597169,50.8112053,-0.1041998,60.900001525878906,50.811156534981386,-0.10434731468685,57.172607421875,1.749226390633795,40.54935713097751,28.28238080835772,Inside,Stationary,,2.329,0.749
264,1672962598165,50.8112053,-0.1041998,60.900001525878906,50.811156534981386,-0.1043473146868494,57.1727294921875,1.749226390633795,32.213742541004194,28.334565285245176,Inside,Stationary,,2.168,0.947
265,1672962599167,50.8112053,-0.1041998,60.900001525878906,50.81115918776618,-0.1043451669218667,57.1722412109375,1.8186868143321555,23.85323225035927,28.38665382920002,Inside,Stationary,,1.829,1.004
266,1672962600169,50.8112053,-0.1041999,60.900001525878906,50.81115884794962,-0.1043455485478889,57.1715087890625,1.8186868143321555,21.98543391575936,28.4386469673532,Inside,Stationary,,1.474,1.24
267,1672962601162,50.8112053,-0.1042001,60.900001525878906,50.8111588216321,-0.1043455673331058,57.17169189453125,1.8186868143321555,18.417031438714616,28.49054522203528,Inside,Stationary,,1.093,1.533
268,1672962602175,50.8112052,-0.1042002,60.900001525878906,50.811158821910986,-0.1043455672010215,57.17169189453125,1.8186868143321555,16.353578530161656,28.54234911081916,Inside,Stationary,,0.669,1.864
269,1672962603158,50.8112052,-0.1042004,60.900001525878906,50.81115882191301,-0.1043455672002283,57.12493896484375,1.8186868143321555,13.291847640556796,28.59405914659437,Inside,Stationary,,0.322,2.015
270,1672962604165,50.8112053,-0.1042008,60.900001525878906,50.81115882191309,-0.1043455672001995,57.0892333984375,1.8186868143321555,13.2019822795545,28.64567583761849,Inside,Stationary,,0.037,2.416
271,1672962605155,50.8112054,-0.1042015,60.900001525878906,50.81115882191308,-0.1043455672002027,57.091552734375,1.8186868143321555,15.544444705440585,28.702918850596184,Inside,Stationary,,-0.365,2.552
272,1672962606168,50.8112055,-0.104202,60.900001525878906,50.81115882191308,-0.1043455672002025,57.0870361328125,1.8186868143321555,17.11821075285917,28.75434012907868,Inside,Stationary,,-0.636,3.085
273,1672962607168,50.8112055,-0.1042025,60.900001525878906,50.81115882191308,-0.1043455672002043,57.089599609375,1.8186868143321555,353.24157493754353,28.81136724643045,Inside,Stationary,,-1.037,3.318
274,1672962608168,50.8112056,-0.104203,60.900001525878906,50.81115882191308,-0.1043455672002057,57.08349609375,1.8186868143321555,330.0010660237561,28.868281711225865,Inside,Stationary,,-1.313,3.56
275,1672962609168,50.8112056,-0.1042032,60.900001525878906,50.81115882191308,-0.1043455672002085,57.086669921875,1.8186868143321555,315.0270638770378,28.925084188440493,Inside,Stationary,,-1.789,3.439
276,1672962610161,50.8112056,-0.1042034,60.900001525878906,50.81115882191308,-0.1043455672002113,57.08233642578125,1.8186868143321555,306.3886134647395,28.981775336550665,Inside,Stationary,,-2.049,3.103
277,1672962611169,50.8112056,-0.1042035,60.900001525878906,50.81115882191308,-0.1043455672002102,57.08074951171875,1.8186868143321555,283.9324215526703,29.032702722504474,Inside,Stationary,,-2.213,2.758
278,1672962612169,50.8112056,-0.1042036,60.900001525878906,50.81115882191308,-0.1043455672002114,57.0810546875,1.8186868143321555,255.3969041662383,29.08354093105612,Inside,Stationary,,-2.062,2.402
279,1672962613167,50.8112056,-0.1042036,60.900001525878906,50.81115882191308,-0.1043455672002111,57.08001708984375,1.8186868143321555,234.59409649173503,29.13429042903448,Inside,Stationary,,-1.682,2.076
280,1672962614167,50.8112056,-0.1042036,60.900001525878906,50.81115882191308,-0.1043455672002068,57.07977294921875,1.8186868143321555,220.437822850002,29.184951679219797,Inside,Stationary,,-1.227,1.722
281,1672962615173,50.8112056,-0.1042036,60.900001525878906,50.81115882191308,-0.1043455672002047,57.07904052734375,1.8186868143321555,210.70426635367085,29.23552514037547,Inside,Stationary,,-0.911,1.413
282,1672962616168,50.8112056,-0.1042035,60.900001525878906,50.81115882191308,-0.1043455672002056,57.07916259765625,1.8186868143321555,206.70148807073485,29.291615465579586,Inside,Stationary,,-0.454,1.169
