1671324562465,50.8299446,-0.1390965,78.98583912521993,50.8299446,-0.1390965,85.70000457763672,NaN,NaN,NaN,NA,NA,
1671324563524,50.8299446,-0.1390965,78.98583912521993,50.8299446,-0.1390965,85.70000457763672,NaN,NaN,NaN,NA,NA,
1671324563962,50.8299446,-0.1390965,78.98583912521993,50.830324700000006,-0.13925129999999997,75.4000015258789,0.0,90.0,57.29577951308232,NA,Stationary,
1671324565065,50.8303247,-0.1392513,75.4000015258789,50.830324700000006,-0.13925129999999997,75.4000015258789,0.0,90.0,57.29577951308232,NA,Stationary,
1671324565405,50.8303247,-0.1392513,75.4000015258789,50.83026548749188,-0.1392745547215462,107.83477783203125,0.8791737010461098,90.0,20.5987839957715,NA,Stationary,
1671324566463,50.8302347,-0.1392841,75.4000015258789,50.83026631331876,-0.13927444111220794,107.83477783203125,0.8791737010461098,255.2775344383865,20.67831493266471,NA,Stationary,
1671324566553,50.8302332,-0.1392881,75.4000015258789,50.830275052016155,-0.13929184908539446,104.49884033203125,0.8791737010461098,255.42659954937346,20.247447664795015,NA,Stationary,
1671324567604,50.8302558,-0.1392972,75.4000015258789,50.83026731340729,-0.13929385582753046,104.49884033203125,1.488827826484234,311.12900344320894,20.32833102869918,NA,OnFoot,
1671324568090,50.8302362,-0.1393211,75.4000015258789,50.83025346903917,-0.13932022602206812,108.54638671875,2.0706366906164138,219.78338057107453,14.965932581223354,NA,OnFoot,
1671324569086,50.8302512,-0.1393283,75.4000015258789,50.830244786760545,-0.13931031516967546,108.45184326171875,3.6415511440771593,144.13556102066616,12.35507838363152,NA,OnFoot,
1671324570115,50.8302582,-0.1393148,75.4000015258789,50.830253144147754,-0.13926082244650084,100.89129638671875,5.059083159233525,75.0706326749052,10.746351731429442,NA,OnFoot,
1671324571119,50.8302892,-0.1392344,75.4000015258789,50.830267905003566,-0.13921925596347928,98.6741943359375,6.337054362827264,60.71975467725497,9.64043097763456,NA,OnFoot,
1671324572115,50.8303203,-0.1391931,75.4000015258789,50.83028223831826,-0.13918906047152743,97.43341064453125,7.5511139944183014,53.14770284669959,8.828558812212709,NA,OnFoot,
1671324573110,50.8303365,-0.1391739,75.4000015258789,50.83029749643542,-0.13916511296817838,96.30181884765625,8.731470701930078,44.82718067865079,8.224443063925717,NA,OnFoot,
1671324574102,50.8303493,-0.1391624,75.4000015258789,50.830309734456236,-0.13914709300506578,94.92803955078125,9.893076911752303,43.00047751257341,7.749842172658178,NA,OnFoot,
1671324575115,50.8303567,-0.1391475,75.4000015258789,50.83031845888305,-0.13912805192932848,95.09625244140625,11.0489789009081,54.11508506087995,7.363037573296625,NA,OnFoot,
1671324576107,50.8303569,-0.1391198,75.4000015258789,50.83032563765075,-0.13910711040191878,94.9874267578125,12.196336496550737,61.57419846516245,7.02041205591855,Outside,OnFoot,
1671324577109,50.8303564,-0.1390877,75.4000015258789,50.830332257061066,-0.1390844015025702,94.903564453125,13.391257690448581,65.28522100612474,6.744807040196104,Outside,OnFoot,
1671324578115,50.8303572,-0.1390547,75.4000015258789,50.8303380741326,-0.1390602450191787,94.5606689453125,14.633868648345212,69.18142120108479,6.5037601125665985,Outside,OnFoot,
1671324579105,50.8303582,-0.1390226,75.4000015258789,50.830343627049096,-0.13903419004616763,94.36834716796875,15.903781079090608,71.40078789366527,6.29237195660387,Outside,OnFoot,
1671324580104,50.8303601,-0.1389884,75.4000015258789,50.830348578692494,-0.1390066548735606,93.6732177734375,17.24378813059573,74.14797597309416,6.104196410497879,Outside,OnFoot,
1671324581125,50.8303618,-0.1389536,75.4000015258789,50.83035278844273,-0.1389767811959592,94.10211181640625,18.668241197339057,77.45536304041701,5.93423794952606,Outside,OnFoot,
1671324582119,50.8303629,-0.1389186,75.4000015258789,50.83035650066172,-0.13894686751097507,93.75592041015625,20.11790541122963,78.91320490777713,5.783606694070673,Outside,OnFoot,
1671324583104,50.8303652,-0.1388843,75.4000015258789,50.83036010304424,-0.13891643314048854,93.2894287109375,21.604992407737477,79.41342532180539,5.651424439404632,Outside,OnFoot,
1671324584117,50.8303677,-0.1388527,75.4000015258789,50.830363466968,-0.1388852377491047,92.95404052734375,23.185155894974333,80.33672299685111,5.533505993519799,Outside,OnFoot,
1671324585111,50.8303694,-0.1388215,75.4000015258789,50.83036627511539,-0.13885394651482877,92.95416259765625,24.780746148047246,81.93446848503544,5.405069690129861,Outside,OnFoot,
1671324586098,50.8303705,-0.138791,75.4000015258789,50.83036917457686,-0.13882305744246815,92.67095947265625,26.405935470624154,81.56897474299183,5.321540715689312,Outside,OnFoot,
1671324587098,50.8303727,-0.1387612,75.4000015258789,50.8303716141042,-0.13879217316867992,92.45098876953125,28.086297189603368,82.89025334955181,5.277470431767281,Outside,OnFoot,
1671324588094,50.8303743,-0.1387337,75.4000015258789,50.83037440155376,-0.1387613988029493,91.95513916015625,29.786215017734925,81.86038101519978,5.186911053699198,Outside,OnFoot,
1671324589109,50.8303759,-0.1387061,75.4000015258789,50.8303773914112,-0.13873098952912316,91.74114990234375,31.54571099108604,81.1750488057769,5.136559579602468,Outside,OnFoot,
1671324590115,50.8303775,-0.13868,75.4000015258789,50.83037992774081,-0.13870137859748116,91.6251220703125,33.30714001582027,82.29714889189421,5.06704258469667,Outside,OnFoot,
1671324591113,50.8303787,-0.1386556,75.4000015258789,50.83038169661784,-0.13867163374154823,91.6268310546875,35.06753518294585,84.63522545722634,5.038595714711461,Outside,OnFoot,
1671324592114,50.8303793,-0.1386304,75.4000015258789,50.830382405462075,-0.13864597026206685,90.92144775390625,36.81446989534828,87.50229089115271,5.019133896055931,Outside,OnFoot,
1671324593114,50.8303807,-0.1386041,75.4000015258789,50.8303834844552,-0.13861655247545837,90.61981201171875,38.55662357649686,86.68496095541337,4.977674620185208,Outside,OnFoot,
1671324594105,50.8303817,-0.138578,75.4000015258789,50.830384246545215,-0.13859024318014967,90.41558837890625,40.28347089376913,87.38073380454864,4.9753375390469845,Outside,OnFoot,
1671324595112,50.8303825,-0.1385533,75.4000015258789,50.830384519533425,-0.13856627424766146,89.74310302734375,41.998884234321096,88.9692101514803,4.977694357413925,Outside,OnFoot,
1671324596111,50.8303831,-0.1385298,75.4000015258789,50.83038501473145,-0.13853874121125276,89.62933349609375,43.688676035861484,88.37274899212832,4.954703854230256,Outside,OnFoot,
1671324597121,50.8303831,-0.1385298,75.4000015258789,50.83038443753264,-0.1385118736459606,89.50872802734375,45.39946904990312,91.94225672169944,4.966081559595036,Outside,OnFoot,
1671324598110,50.8303823,-0.1384826,71.40908284607193,50.83038426310263,-0.13848567565106892,88.93341064453125,47.07649296660505,90.60175288991087,4.949627816477339,Outside,OnFoot,
1671324599112,50.830383,-0.1384605,71.38829117787307,50.83038531466743,-0.1384598761120724,88.6964111328125,48.781406949373874,86.31702650696661,4.995306127027304,Outside,OnFoot,
1671324600102,50.8303879,-0.1384406,71.38829117787307,50.83038672471126,-0.13843447533252046,87.9560546875,50.46917465769475,84.99005520727042,5.007506744987503,Outside,OnFoot,
1671324601093,50.8303967,-0.1384132,71.4000015258789,50.83038711372955,-0.13840919702231547,88.2803955078125,52.16588119429479,88.60735956528237,4.988351167885456,Outside,OnFoot,
1671324602088,50.8303987,-0.1383938,71.4000015258789,50.8303868451806,-0.13838387327079638,89.015380859375,53.8732670469353,90.95864234658654,4.970707279417635,Outside,OnFoot,
1671324603095,50.8303989,-0.1383698,71.4000015258789,50.83039098591445,-0.13836215530269375,88.778564453125,55.60445255376122,73.24494289328038,4.983773580516135,Outside,OnFoot,
1671324604090,50.8304007,-0.1383565,71.4000015258789,50.83040363515895,-0.13834764540016875,88.96868896484375,57.27976837255507,35.996765854446494,4.9769426790599205,Outside,OnFoot,
1671324605096,50.8304054,-0.13836,71.4000015258789,50.830417549878554,-0.13834143404657204,88.90777587890625,58.929249716202946,15.785119805549925,5.018018079269887,Outside,OnFoot,
1671324606110,50.8304111,-0.1383674,71.4000015258789,50.830429941380025,-0.13834126253379278,89.456787109375,60.54103484888727,0.5015266392449576,5.069300790326374,Outside,OnFoot,
1671324607092,50.8304154,-0.1383716,71.4000015258789,50.830440715972436,-0.13834136289544904,89.6776123046875,62.04026443417799,359.6613037153409,5.096079486221603,Outside,OnFoot,
1671324608092,50.830422,-0.1383719,71.4000015258789,50.83045017718347,-0.13834325670092956,90.26885986328125,63.538038942187946,352.7745732640724,5.14854211663465,Outside,OnFoot,
1671324609090,50.8304285,-0.1383711,71.4000015258789,50.830459030981466,-0.13834632064456384,90.5203857421875,64.97808262719272,347.6375176390945,5.190669634025518,Outside,OnFoot,
1671324610097,50.8304308,-0.1383725,71.4000015258789,50.83046778414827,-0.13834862985488341,90.82049560546875,66.37785398868618,350.5140681172804,5.1378566752511725,Outside,OnFoot,
1671324611108,50.8304365,-0.1383744,71.4000015258789,50.830475689297415,-0.13835058871549596,91.0806884765625,67.7454804494849,351.080462546921,5.141584163155702,Outside,OnFoot,
1671324612117,50.8304432,-0.1383757,71.4000015258789,50.83048155625803,-0.13835449102966238,91.68878173828125,69.04250550495695,337.15656145328103,5.085484978209156,Outside,OnFoot,
1671324613115,50.8304475,-0.1383774,71.4000015258789,50.83048797730749,-0.13835855892239993,92.24652099609375,70.25736488138197,338.1376289054472,5.095036771492715,Outside,OnFoot,
1671324614108,50.8304517,-0.1383807,71.4000015258789,50.83049221546634,-0.13836568323008272,91.980712890625,71.39695555410445,313.2072286716025,5.136856545332731,Outside,OnFoot,
1671324615112,50.8304551,-0.1383861,71.4000015258789,50.830497204989136,-0.13837054880091473,92.348876953125,72.47799036122701,328.30058949620604,5.1792271480880965,Outside,OnFoot,
1671324616111,50.8304589,-0.1383914,71.4000015258789,50.83050145167552,-0.13837711325013546,92.93994140625,73.51173037357954,315.6082680507445,5.194021822719166,Outside,OnFoot,
1671324617109,50.8304632,-0.1383976,71.4000015258789,50.8305055548987,-0.13838267675653368,93.43212890625,74.4869515496841,319.3465300887854,5.212864272917586,Outside,OnFoot,
1671324618102,50.8304675,-0.1384038,71.4000015258789,50.83051030264832,-0.13838750466125005,94.45556640625,75.41420699056643,327.21751462314535,5.207509057510596,Outside,OnFoot,
1671324619107,50.8304748,-0.1384101,71.4000015258789,50.83051485665645,-0.13839272302133443,94.608642578125,76.33017047860997,324.0307710913905,5.207262955458567,Outside,OnFoot,
1671324620107,50.8304826,-0.1384165,71.4000015258789,50.83051937538851,-0.13839738376827582,95.89093017578125,77.21401673503769,326.8460240178797,5.183536306057362,Outside,OnFoot,
1671324621114,50.8304904,-0.1384222,71.4000015258789,50.830524723840966,-0.1384026159146779,96.53997802734375,78.08848300720906,328.21935744605923,5.222424918719421,Outside,OnFoot,
1671324622109,50.830498,-0.138427,71.4000015258789,50.8305307256341,-0.13840937176536763,96.01318359375,78.93618408887939,324.51490742680676,5.287650688879677,Outside,OnFoot,
1671324623110,50.830506,-0.1384342,71.4000015258789,50.83053263004339,-0.13841590053239777,96.4365234375,79.77717426050775,294.729434558677,5.3477634673716175,Outside,OnFoot,
1671324624103,50.8305125,-0.1384396,71.4000015258789,50.83052253297898,-0.13843279205927825,96.51031494140625,80.45864509167848,233.2425628762943,5.43330607864474,Outside,Stationary,
1671324625110,50.8305159,-0.1384415,71.4000015258789,50.83051770448304,-0.13843672964074716,96.44781494140625,80.82647748253922,207.31393821480333,5.564417934593869,Outside,OnFoot,
1671324626108,50.8305168,-0.1384386,71.4000015258789,50.830513766592034,-0.13843941907207558,96.13543701171875,81.64134075868269,266.48029220988815,5.678790130295992,Outside,Stationary,
1671324627106,50.8305143,-0.1384357,71.4000015258789,50.83050694076536,-0.13843633040430803,95.4437255859375,81.64134075868269,273.7181002090659,5.949007528567192,Outside,Stationary,
1671324628111,50.8305113,-0.1384347,71.4000015258789,50.83049860919098,-0.1384383578806091,94.93328857421875,81.64134075868269,279.74729263638505,6.232734460271357,Outside,Stationary,
1671324629112,50.8305056,-0.1384363,71.4000015258789,50.83049422717824,-0.1384353956428082,94.60406494140625,81.64134075868269,282.29325000936353,6.5019802437969165,Outside,Stationary,
1671324630099,50.830501,-0.1384349,75.4000015258789,50.83049381152549,-0.13843143955241488,94.21221923828125,81.64134075868269,284.904107659826,6.758255748894325,Outside,Stationary,
1671324631109,50.8304991,-0.1384321,75.4000015258789,50.83049381800131,-0.13842830219300328,94.1944580078125,81.64134075868269,285.49798944691406,7.002834772668653,Outside,Stationary,
1671324632107,50.8304981,-0.1384281,78.06961217403546,50.830492721987845,-0.13842653024054652,93.92816162109375,81.64134075868269,284.70184417252733,7.236767337014626,Outside,Stationary,
1671324633109,50.8304966,-0.1384265,78.06961217403546,50.830492541327764,-0.13842892797800496,94.101806640625,81.64134075868269,275.0945793476386,7.460929320425586,Outside,Stationary,
1671324634106,50.830496,-0.1384276,78.31982038002322,50.83049203452139,-0.13842906144443073,93.7322998046875,81.64134075868269,273.2321313383628,7.6549025990630595,Outside,Stationary,
1671324635105,50.8304953,-0.1384279,79.04764862371525,50.83049111054737,-0.13843292982119623,93.76947021484375,81.64134075868269,277.81137933866995,7.862451037305118,Outside,Stationary,
1671324636110,50.8304932,-0.1384311,75.20000457763672,50.83048922952067,-0.1384365618793908,93.95111083984375,81.64134075868269,276.77093212369385,8.062089085131499,Outside,Stationary,
1671324637107,50.8304913,-0.1384344,75.20000457763672,50.83049308014506,-0.1384421668210951,93.702880859375,81.75803873649917,274.6737656111735,8.09406482395087,Inside,OnFoot,
1671324638107,50.8304899,-0.138434,75.20000457763672,50.83049357933137,-0.13845995961057767,93.74169921875,82.87198689944113,270.342045561477,8.274564102677102,Inside,OnFoot,
1671324639097,50.8304905,-0.1384311,75.20000457763672,50.830493597540865,-0.13845426974579966,93.78179931640625,83.92464446106601,286.3106937299775,8.470609035914647,Inside,OnFoot,
1671324640097,50.8304934,-0.1384257,75.20000457763672,50.8304941981443,-0.1384545162072388,93.7392578125,84.14478951495012,313.0480211360213,8.662218179503592,Inside,Stationary,
1671324641096,50.830497,-0.1384172,75.20000457763672,50.83049422035119,-0.13845453378799688,93.78607177734375,84.14478951495012,325.3934415874334,8.831112585869368,Inside,Stationary,
1671324642092,50.8305011,-0.1384084,75.20000457763672,50.83049422089742,-0.13845453451469017,93.77996826171875,84.14478951495012,308.949377011184,8.996836956361227,Inside,Stationary,
1671324643088,50.8305063,-0.1383973,75.20000457763672,50.83049422089568,-0.13845453458328313,93.74566650390625,84.14478951495012,289.1468736255317,9.195333719028579,Inside,Stationary,
1671324644103,50.8305115,-0.1383865,75.20000457763672,50.83049422090755,-0.13845453466613347,93.72442626953125,84.14478951495012,278.1838615359253,9.37213788600722,Inside,Stationary,
1671324645099,50.8305167,-0.1383762,75.20000457763672,50.830496434923134,-0.13847862770804964,93.70318603515625,84.71088563761599,270.92436437542716,9.528457077059977,Inside,OnFoot,
1671324646102,50.8305216,-0.1383664,75.20000457763672,50.83049602821204,-0.1384959461153049,93.7127685546875,85.88299327145188,265.669375354227,9.68225283621483,Inside,OnFoot,
1671324647095,50.830526,-0.1383578,75.20000457763672,50.83049490231794,-0.13851454001562444,93.235107421875,87.12864779769428,263.3073950427953,9.850321128494718,Inside,OnFoot,
1671324648105,50.8305263,-0.1383512,75.20000457763672,50.83049345731409,-0.1385210883307422,94.1990966796875,88.30094924354034,260.5028644547333,10.015569513736315,Inside,OnFoot,
1671324649092,50.830524,-0.1383434,75.20000457763672,50.830492440058265,-0.1384985526420454,93.98455810546875,88.88128271125359,235.6859912447636,10.178135341729872,Inside,Stationary,
1671324650101,50.8305199,-0.1383389,75.20000457763672,50.83049229698909,-0.13849864354519187,93.7923583984375,88.88128271125359,214.98413073969118,10.322255797530849,Inside,Stationary,
1671324651093,50.8305145,-0.1383383,75.20000457763672,50.830492268328726,-0.13849866141586606,93.79638671875,88.88128271125359,190.70299589679257,10.480065414856409,Inside,Stationary,
1671324652095,50.8305081,-0.1383404,75.20000457763672,50.83049227602505,-0.13849865528900349,93.7220458984375,88.88128271125359,160.62826989061716,10.635533717199364,Inside,Stationary,
1671324653095,50.8305031,-0.1383434,75.20000457763672,50.83049227575829,-0.13849865486033944,93.92626953125,88.88128271125359,135.54472224663135,10.773537170526879,Inside,Stationary,
1671324654093,50.8304972,-0.1383457,75.20000457763672,50.83048733989248,-0.1384889081830918,93.9071044921875,88.99020539350383,117.38587292597873,10.939844155642456,Inside,OnFoot,
1671324655107,50.8304913,-0.1383467,75.20000457763672,50.830482640820314,-0.1384720579206502,94.997802734375,90.03582761934604,107.07548676759228,11.088868134297162,Inside,OnFoot,
1671324656098,50.8304828,-0.1383458,75.20000457763672,50.83047998489258,-0.13845594794749372,95.0938720703125,91.1675594058651,100.60467774727289,11.221297706364515,Inside,OnFoot,
1671324657099,50.8304746,-0.1383427,75.20000457763672,50.830477653846756,-0.13843604943890772,94.5419921875,92.45874869551349,98.07977792458195,11.366632243755056,Inside,OnFoot,
1671324658104,50.8304646,-0.1383367,75.20000457763672,50.83047582904244,-0.13841872940343108,94.18890380859375,93.62990794510881,99.0044257805481,11.495862485253634,Inside,OnFoot,
1671324659100,50.8304539,-0.1383268,75.20000457763672,50.83047368005888,-0.13839969157840126,94.21075439453125,95.01947120052671,101.73632688705402,11.651864282803018,Inside,OnFoot,
1671324660100,50.8304372,-0.1383068,75.20000457763672,50.83047162192106,-0.13838280141127005,93.289306640625,96.27832819431835,100.84664236635263,11.791893300685688,Inside,OnFoot,
1671324661094,50.8304267,-0.138276,75.20000457763672,50.83046995500722,-0.1383665202971945,91.44122314453125,97.44550383910546,97.80069790637003,11.916512632888665,Inside,OnFoot,
1671324662105,50.8304219,-0.1382421,75.20000457763672,50.83046822471815,-0.13834684533830935,93.109619140625,98.84901144048423,98.07746744596204,12.067077538271475,Inside,OnFoot,
1671324663107,50.8304209,-0.138207,75.20000457763672,50.83046998883974,-0.1383489133763119,95.36376953125,100.0545842633997,86.42857656032936,12.202342671169601,Inside,OnFoot,
1671324664094,50.8304206,-0.1381799,77.33273366623814,50.83047881334905,-0.1383866056539346,96.228759765625,100.95988353552202,58.34921983111968,12.322811869848376,Inside,OnFoot,
1671324665100,50.8304223,-0.1381565,77.47787132268151,50.83048156775182,-0.13839002000799414,96.77642822265625,101.10538728809964,34.43333302698471,12.455300025681066,Inside,Stationary,
1671324666103,50.8304265,-0.1381247,77.45706472241835,50.83048159845241,-0.13839004803085972,96.68890380859375,101.10538728809964,3.9940751630171007,12.586393648688274,Inside,Stationary,
1671324667100,50.8304311,-0.1381083,77.45706472241835,50.83048161416531,-0.1383900537305822,97.171142578125,101.10538728809964,333.9536852596377,12.716135868639878,Inside,Stationary,
1671324668095,50.8304354,-0.1380911,77.39464522890019,50.83049341552528,-0.13840107746095853,96.8118896484375,101.65786074223175,310.40150364740947,12.844567636934272,Inside,OnFoot,
1671324669095,50.8304389,-0.1380731,77.56109823586372,50.830498491819284,-0.1384138561704967,85.56292724609375,102.70512057031668,294.59395496648443,12.959068002552561,Inside,OnFoot,
1671324670091,50.830501,-0.1382443,75.5999984741211,50.830502542189656,-0.13843211983669848,85.564208984375,103.98951603340312,281.2814230070809,13.085115583929293,Inside,OnFoot,
1671324671088,50.8305259,-0.1383049,75.5999984741211,50.830504307161796,-0.13844967602676744,85.51483154296875,105.17879739721243,272.83008572348933,13.209960491797501,Inside,OnFoot,
1671324672094,50.830542,-0.1383434,75.5999984741211,50.83050209429023,-0.13845913977656693,85.50372314453125,106.36398368618029,265.20829284187914,13.321320576798735,Inside,OnFoot,
1671324673100,50.830542,-0.1383434,75.5999984741211,50.83049241549557,-0.1384371975378109,85.37921142578125,107.06971689377731,239.85084128126027,13.443972190535732,Inside,Stationary,
1671324674096,50.8305591,-0.1383862,75.5999984741211,50.83049212457421,-0.13843761158370554,85.263671875,107.06971689377731,214.07469582195245,13.565514903975325,Inside,Stationary,
1671324675095,50.8305649,-0.1384099,75.5999984741211,50.83049195805476,-0.13843771056074483,85.0830078125,107.06971689377731,188.3069785744434,13.673979681313364,Inside,Stationary,
1671324676103,50.8305686,-0.1384332,75.5999984741211,50.830492048244885,-0.13843764568658481,86.14495849609375,107.06971689377731,156.04020265639667,13.805390516385772,Inside,Stationary,
1671324677096,50.8305629,-0.1384636,75.5999984741211,50.83049204413337,-0.1384376403759626,86.30352783203125,107.06971689377731,129.34889317118353,13.923778713405358,Inside,Stationary,
1671324678094,50.8305449,-0.1385053,75.5999984741211,50.8304812257362,-0.13841712869224532,85.64605712890625,108.01213695522699,110.97649550967299,14.029473952185764,Inside,OnFoot,
1671324679093,50.830519,-0.1385476,75.5999984741211,50.83047824683205,-0.13839914590853222,86.1337890625,109.24818365074564,97.34515601492404,14.134378836370045,Inside,OnFoot,
1671324680095,50.8304847,-0.1385906,75.5999984741211,50.8304773662736,-0.1383818096934837,86.196044921875,110.38365311469614,88.64569554590224,14.23851083523076,Inside,OnFoot,
1671324681109,50.8304847,-0.1385906,75.5999984741211,50.83047821116424,-0.1383621098698072,84.589111328125,111.75165561018751,81.72947357371646,14.364758187659387,Inside,OnFoot,
1671324682102,50.8304255,-0.1386685,75.5999984741211,50.83048028337804,-0.13834466967093187,84.06591796875,113.01014395003072,76.48983921993141,14.467232060934224,Inside,OnFoot,
1671324683108,50.8304045,-0.1386951,75.5999984741211,50.830483172702166,-0.13832705350620184,82.8541259765625,114.34062536470971,74.16292544934203,14.580247249442726,Inside,OnFoot,
1671324684111,50.8303913,-0.1387139,75.5999984741211,50.83048616987859,-0.13831095044637357,81.9122314453125,115.57925239698392,73.34795261942389,14.692393140835271,Inside,OnFoot,
1671324685107,50.8303886,-0.1387252,75.5999984741211,50.830489311295985,-0.1382940265841263,81.769287109375,116.82389745619506,73.32105042461308,14.803689491301794,Inside,OnFoot,
1671324686095,50.8303934,-0.1387287,75.5999984741211,50.83049254746948,-0.13827762815103142,80.95111083984375,118.05831667461206,72.6932012750948,14.903145583060454,Inside,OnFoot,
1671324687111,50.8304039,-0.1387217,75.5999984741211,50.830494691009974,-0.13829365319495335,80.36419677734375,119.34889331037083,72.50779816841253,15.012879624505084,Inside,OnFoot,
1671324688106,50.830416,-0.1386954,75.5999984741211,50.830496355699644,-0.13832610877064488,82.24761962890625,120.17238746836311,46.17000729440332,15.121817383169002,Inside,OnFoot,
1671324689102,50.8304263,-0.1386618,75.5999984741211,50.830497889146784,-0.13832577591607942,83.60986328125,120.51446976885622,21.685734606385267,15.229975946138586,Inside,Stationary,
1671324690099,50.830433,-0.1386333,75.5999984741211,50.83049790735922,-0.13832577580618313,83.62689208984375,120.51446976885622,353.31143318408306,15.326666076971133,Inside,Stationary,
1671324691095,50.8304415,-0.1386047,75.5999984741211,50.83049790936364,-0.13832577747492183,84.37078857421875,120.51446976885622,325.46159485747165,15.422750038500771,Inside,Stationary,
1671324692096,50.8304493,-0.1385921,75.5999984741211,50.83050490703884,-0.13833685847166557,84.38720703125,120.8335960010743,299.3043547858966,15.539379194005383,Inside,OnFoot,
1671324693095,50.8304559,-0.138595,77.54029143074843,50.83050937437868,-0.13835330345874275,84.38134765625,121.90992706453686,283.5484427173802,15.64465122925483,Inside,OnFoot,
1671324694103,50.8304643,-0.1386087,75.5999984741211,50.83051096783951,-0.1383693515420173,83.43988037109375,123.05778282844265,274.47611420047497,15.738794038937415,Inside,OnFoot,
1671324695099,50.8304718,-0.1386274,75.5999984741211,50.83051160665456,-0.13838845863859636,83.22344970703125,124.34309271805355,269.83512216526356,15.853098270844823,Inside,OnFoot,
1671324696091,50.8304761,-0.1386488,75.5999984741211,50.8305063792985,-0.13837647996497854,83.11480712890625,125.49003238316065,261.4390640181274,15.956300671994683,Inside,OnFoot,
1671324697102,50.8304761,-0.1386488,75.5999984741211,50.830503451857126,-0.13836878931954485,82.9749755859375,125.70691138840543,234.751019445294,16.04861541847548,Inside,Stationary,
1671324698098,50.8304628,-0.1386926,75.5999984741211,50.830503212527425,-0.13836891490254316,83.0980224609375,125.70691138840543,205.6155210559141,16.16072844382534,Inside,Stationary,
1671324699102,50.8304457,-0.1387092,75.5999984741211,50.83050321097183,-0.13836891053670888,82.49755859375,125.70691138840543,177.3833211520082,16.261978667582373,Inside,Stationary,
1671324700104,50.8304291,-0.1387239,75.5999984741211,50.830495575304845,-0.13836488809599545,82.31536865234375,125.9134299083287,145.88060412046434,16.36260237660667,Inside,OnFoot,
1671324701097,50.8304149,-0.1387388,75.5999984741211,50.83048748620765,-0.13835268106113507,80.92706298828125,126.93506013346017,123.30727358192615,16.45263754690802,Inside,OnFoot,
1671324702101,50.8304049,-0.1387518,75.5999984741211,50.830482775014396,-0.1383370440571639,80.49737548828125,128.14748215176894,108.05233260314878,16.55210224110374,Inside,OnFoot,
1671324703106,50.8303978,-0.1387613,75.5999984741211,50.83048015529376,-0.13831857989536817,77.8707275390625,129.4419653815491,95.84044581024438,16.65097279290598,Inside,OnFoot,
1671324704103,50.8303969,-0.1387608,75.5999984741211,50.83047969386394,-0.13830153296461828,77.91357421875,130.65386079802857,88.9159869355463,16.739457000307713,Inside,OnFoot,
1671324705098,50.8303978,-0.1387482,75.5999984741211,50.830480210724254,-0.13828382963693264,78.048828125,131.91783679930126,85.67322411596768,16.837227414724712,Inside,OnFoot,
1671324706111,50.8303999,-0.1387285,75.5999984741211,50.8304808069698,-0.13826508868418178,79.85321044921875,133.2297581006033,85.59966217325467,16.934433364159457,Inside,OnFoot,
1671324707101,50.8303999,-0.1387285,75.5999984741211,50.83048150862129,-0.138247564995132,79.21221923828125,134.49844770748913,84.60426635300593,17.021444095028258,Inside,OnFoot,
1671324708105,50.8304073,-0.1386701,75.5999984741211,50.83041613475524,-0.13860075460019458,79.42889404296875,135.86240299112677,235.08365112620436,13.316421609450403,Outside,OnFoot,
1671324709105,50.8304073,-0.1386701,75.5999984741211,50.83041419868283,-0.1385833836400912,82.34765625,137.02771050494178,99.98052126006144,11.46337084382559,Outside,OnFoot,
1671324710106,50.8304127,-0.1386287,75.5999984741211,50.83040091789987,-0.13857966432107366,83.9296875,138.16583373259837,235.08365112620436,13.560693136939282,Inside,OnFoot,
1671324711102,50.8304152,-0.1386117,75.5999984741211,50.83041837449682,-0.13855806173844212,83.3682861328125,139.31346906371408,85.26410399202211,11.356170275644509,Outside,OnFoot,
1671324712096,50.8304201,-0.1385949,75.5999984741211,50.83041955746112,-0.13854859522255436,82.24920654296875,140.1348656415811,85.26410399202211,11.514060830577371,Inside,OnFoot,
1671324713093,50.8304305,-0.1385843,75.5999984741211,50.830423266038125,-0.13854432389037427,82.83172607421875,140.8575316849297,85.26410399202211,11.655740713738423,Inside,OnFoot,
1671324714094,50.8304416,-0.1385799,75.5999984741211,50.83042828275503,-0.1385391190223042,82.9493408203125,141.5478382419893,85.26410399202211,11.795723713952002,Inside,OnFoot,
1671324715102,50.8304536,-0.1385818,75.5999984741211,50.83043999493026,-0.13853590227512316,82.755615234375,142.5428792903618,353.7545561673894,11.934064701439416,Inside,OnFoot,
1671324716091,50.8304651,-0.1385863,75.5999984741211,50.830450680132415,-0.13854084296409858,84.2236328125,143.73300383079513,333.2507973964021,12.070820453333347,Inside,OnFoot,
1671324717101,50.8304772,-0.1385915,75.5999984741211,50.83045977212404,-0.13854953539910428,82.8883056640625,144.89742502888936,324.5674394567367,12.19258922798339,Inside,OnFoot,
1671324718094,50.8304879,-0.138595,75.5999984741211,50.83046929755157,-0.1385608588059612,83.23638916015625,146.21194827391417,320.78227330387347,12.33978601961781,Inside,OnFoot,
1671324719103,50.8304879,-0.138595,75.5999984741211,50.83050695191097,-0.13859589113906956,83.16131591796875,147.50083235193821,344.8645594410393,10.709422356863522,Outside,OnFoot,
1671324720107,50.8305051,-0.1385991,75.5999984741211,50.8305131436365,-0.13860882615430542,82.835693359375,148.37895644515692,254.62211571685054,9.728314438488038,Outside,Stationary,
1671324721095,50.8305051,-0.1385991,75.5999984741211,50.83050793797579,-0.13859809346266422,82.82452392578125,148.37895644515692,356.6843684013631,10.996359075837622,Inside,Stationary,
1671324722103,50.8305143,-0.1386101,75.5999984741211,50.83050794334769,-0.13859809268624412,82.6927490234375,148.37895644515692,6.633848805390073,11.144627369758487,Inside,Stationary,
1671324723100,50.8305179,-0.1386176,75.5999984741211,50.83050794355019,-0.13859809262936765,82.2027587890625,148.37895644515692,14.814501547850455,11.290948833502089,Inside,Stationary,
1671324724106,50.8305228,-0.1386271,75.5999984741211,50.830532303287804,-0.13865580927090965,80.40557861328125,148.4709398815777,303.7453214673486,10.165006460289039,Outside,OnFoot,
1671324725119,50.8305305,-0.1386385,75.5999984741211,50.83054472234001,-0.13866610681282837,79.77996826171875,149.5764391706083,332.29435982951077,9.352770417764752,Outside,OnFoot,
1671324726102,50.8305305,-0.1386385,75.5999984741211,50.830556667636046,-0.13867604520109783,78.4874267578125,150.7620846952458,332.2142562190787,8.723238690738523,Outside,OnFoot,
1671324727103,50.8305545,-0.1386774,82.8833593167772,50.83056845389279,-0.13868591185561838,78.40252685546875,151.9958647061873,332.0684742796393,8.210948452738698,Outside,OnFoot,
1671324728109,50.8305705,-0.1386974,83.10174889087106,50.83058035235898,-0.13869622725261974,78.69073486328125,153.24431497462726,331.23046299955695,7.780661865562346,Outside,OnFoot,
1671324729109,50.8305809,-0.1387091,83.10174889087106,50.83059198877077,-0.13870719524361624,78.97833251953125,154.489182719747,329.16512676527236,7.395043633649021,Outside,OnFoot,
1671324730106,50.830592,-0.1387215,83.3719503120088,50.830603421454995,-0.1387184955534433,78.70501708984375,155.73581418087412,327.9538118731225,7.079145769226907,Outside,OnFoot,
1671324731108,50.8306036,-0.138734,83.45524722857604,50.83061476374147,-0.13872955862020483,78.26531982421875,156.99054520372025,328.2950223284994,6.803485828432829,Outside,OnFoot,
1671324732112,50.8306151,-0.138746,83.10174889087106,50.83062568419045,-0.1387409425441373,78.31695556640625,158.24813708211383,326.5671382719536,6.562891965164483,Outside,OnFoot,
1671324733111,50.8306261,-0.1387581,75.9000015258789,50.83063533571701,-0.13875297830094296,79.15484619140625,159.49342682013403,321.69929394420467,6.354444470429632,Outside,OnFoot,
1671324734105,50.8306357,-0.13877,75.9000015258789,50.83063542861209,-0.13876453305308864,79.11614990234375,160.600682776282,270.72691713911036,6.161262156734147,Outside,OnFoot,
