1670447890525,50.8123599,-0.1052602,46.80000305175781,50.8121207,-0.1059676,46.80000305175781,NaN,NaN,NaN,NA,NA,
1670447891585,50.8123599,-0.1052602,46.80000305175781,50.8121207,-0.1059676,46.80000305175781,NaN,NaN,NaN,NA,NA,
1670447891848,50.8123599,-0.1052602,46.80000305175781,50.81377460000001,-0.10442059999999999,46.400001525878906,0.0,90.0,57.29577951308232,NA,Stationary,
1670447892023,50.8137746,-0.1044206,46.400001525878906,50.81370248025322,-0.10469080715793466,15.1585693359375,0.0,247.15491077068452,49.621461241580654,NA,VehicleMotion,
1670447893038,50.8136466,-0.1048969,46.400001525878906,50.81366366944525,-0.10481880612531148,21.38946533203125,0.49242804876782076,294.8325584592345,44.12497741996338,NA,Stationary,
1670447894028,50.8136427,-0.1048979,46.400001525878906,50.813651222134276,-0.10485009162252888,28.6707763671875,0.49242804876782076,292.38125002810125,40.33024893410528,NA,Stationary,
1670447895044,50.8136447,-0.1048734,46.400001525878906,50.81364323712192,-0.10485023619255635,31.8482666015625,0.49242804876782076,290.07213292789936,37.397260470470336,NA,Stationary,
1670447896050,50.8136413,-0.1048552,46.400001525878906,50.813636785963,-0.10484648551809918,34.31298828125,0.49242804876782076,289.70628235673746,49.621461241580526,NA,Stationary,
1670447897046,50.8136335,-0.1048439,46.400001525878906,50.813629370688545,-0.10484116096960375,36.0098876953125,0.49242804876782076,289.9411146016826,44.408469395965945,NA,Stationary,
1670447898044,50.8136296,-0.1048446,46.400001525878906,50.81362072606506,-0.10483360117541225,35.8221435546875,0.5203798245318829,151.01210178387265,19.85312872429043,NA,OnFoot,
1670447899045,50.8136224,-0.1048354,46.400001525878906,50.81361626640542,-0.10482427531135614,36.43829345703125,0.5642070538273893,127.04602377558439,14.832738033099313,NA,OnFoot,
1670447900047,50.8136174,-0.1048254,46.400001525878906,50.813609973639934,-0.1048096084085828,37.05242919921875,1.1690818899576803,124.10668978295894,12.39467241301575,NA,OnFoot,
1670447901044,50.8136119,-0.1048127,46.400001525878906,50.813605671149425,-0.10479584080405886,37.51043701171875,2.0729516206063274,116.25599418182003,10.882909297325696,NA,OnFoot,
1670447902047,50.8136077,-0.1047987,46.400001525878906,50.81360226389769,-0.10478180192922085,38.0595703125,3.0833614278705372,110.96133173119591,9.838332291586346,NA,OnFoot,
1670447903038,50.8136046,-0.1047846,46.400001525878906,50.81359911220446,-0.10476711149691921,38.141357421875,4.092255368543157,108.7081654894854,9.04546536195394,NA,OnFoot,
1670447904043,50.8136018,-0.1047695,46.400001525878906,50.81359571816433,-0.10475233472374434,38.22412109375,5.140684328029084,109.92802474943966,8.435507246711905,NA,OnFoot,
1670447905049,50.8135986,-0.1047541,46.400001525878906,50.81359201162434,-0.1047375346311774,38.5810546875,6.208516925194739,111.56912314813309,7.940327401558894,NA,OnFoot,
1670447906039,50.8135949,-0.1047385,46.400001525878906,50.81358826144138,-0.10472282492427731,39.0146484375,7.2717788401238,111.92067184011142,7.513720555964286,NA,OnFoot,
1670447907040,50.813591,-0.1047229,46.400001525878906,50.81358443640966,-0.10470757822356895,39.05712890625,8.355613042646297,111.60316730084344,7.172016109216296,NA,OnFoot,
1670447908055,50.813587,-0.1047071,46.400001525878906,50.81358066584542,-0.10469240096373783,38.900390625,9.467273328944156,111.41207680496365,6.861261760012986,NA,OnFoot,
1670447909052,50.8135832,-0.1046913,46.400001525878906,50.813576609990974,-0.10467717044761123,39.04852294921875,10.564132429238501,112.7986538492575,6.596189731168664,NA,OnFoot,
1670447910051,50.813579,-0.1046755,46.400001525878906,50.813572946867595,-0.10466085957278742,39.2208251953125,11.674191234921448,109.51878186723718,6.3907661033224175,NA,OnFoot,
1670447911051,50.8135753,-0.1046586,46.400001525878906,50.813569818441024,-0.10464357860584678,39.21417236328125,12.802023215390287,105.94724729246718,6.192994522914675,NA,OnFoot,
1670447912037,50.8135725,-0.1046403,46.400001525878906,50.813566721316036,-0.10462601113514126,39.03179931640625,13.931639807666507,105.55062880175251,6.0469977036781035,NA,OnFoot,
1670447913047,50.8135697,-0.1046207,46.400001525878906,50.81356325423621,-0.1046078552064435,38.9010009765625,15.111989223090099,106.77383624440643,5.9214310840671756,NA,OnFoot,
1670447914046,50.8135666,-0.1046013,46.400001525878906,50.81355963174613,-0.10458965486952461,38.79571533203125,16.298323542376547,107.44072553588313,5.790034899462444,NA,OnFoot,
1670447915047,50.8135629,-0.1045821,46.400001525878906,50.81355631635117,-0.1045706799975329,39.041748046875,17.504660711752518,105.41844031793494,5.70204362478609,Outside,OnFoot,
1670447916047,50.8135594,-0.1045625,46.400001525878906,50.81355347216592,-0.10455166690718545,38.86370849609375,18.73217981197113,103.28528787182972,5.60203845227588,Outside,OnFoot,
1670447917049,50.8135561,-0.1045431,46.400001525878906,50.813550958973686,-0.1045326523737356,38.742919921875,19.977687875619353,101.78427988268169,5.5421241870003675,Outside,OnFoot,
1670447918035,50.8135529,-0.1045241,46.400001525878906,50.81354820821853,-0.10451350540606567,38.55853271484375,21.217439115636207,102.77661538914947,5.466612105740956,Outside,OnFoot,
1670447919049,50.8135495,-0.104505,46.400001525878906,50.81354513710036,-0.1044941815380181,38.4888916015625,22.505499698982785,104.08245079116466,5.401127604479254,Outside,OnFoot,
1670447920046,50.8135457,-0.1044859,46.400001525878906,50.813542068416936,-0.10447498721185727,38.78875732421875,23.78316904959876,104.16287412307611,5.372493393475012,Outside,OnFoot,
1670447921047,50.8135421,-0.104467,46.400001525878906,50.813538702754244,-0.10445620762681415,38.87939453125,25.077962928831177,105.79532254049144,5.349212615851721,Outside,OnFoot,
1670447922040,50.8135382,-0.1044485,46.400001525878906,50.81353467191176,-0.10443860820835067,38.9173583984375,26.36506677331837,109.875403192291,5.3039141357718345,Outside,OnFoot,
1670447923050,50.813534,-0.1044316,46.400001525878906,50.81353405081912,-0.10442751501149924,39.079833984375,27.65374530077818,95.05030953500199,5.294326034771685,Outside,OnFoot,
1670447924048,50.8135325,-0.1044196,46.400001525878906,50.81354017049378,-0.10442001956641624,39.1861572265625,28.751768921539856,37.81055089677318,5.275599075786875,Outside,OnFoot,
1670447925049,50.8135352,-0.1044123,46.400001525878906,50.81354772369079,-0.10440826753265647,39.3133544921875,29.812930646843743,44.588423649938875,5.307313269260313,Outside,OnFoot,
1670447926039,50.8135427,-0.1044059,46.400001525878906,50.81355632311501,-0.10440016732646612,39.1614990234375,30.872151718112892,30.82735029448571,5.352466273760409,Outside,OnFoot,
1670447927049,50.8135539,-0.1043986,46.5,50.813565129171344,-0.10439444818183959,39.4456787109375,31.951282725598514,22.365192403463084,5.375034819072376,Outside,OnFoot,
1670447928042,50.8135611,-0.1043957,46.5,50.81357404140953,-0.10439658478000126,39.1702880859375,32.96108044383433,351.3636340797431,5.429944732673668,Outside,OnFoot,
1670447929054,50.8135672,-0.1043983,46.5,50.81358110239387,-0.10440751052642244,39.0760498046875,33.893331581915305,315.569627549017,5.4925122134385225,Outside,OnFoot,
1670447930058,50.8135689,-0.1044079,46.5,50.81358506537081,-0.10442076061329911,39.3656005859375,34.726465743286774,295.2715291059604,5.567793920866865,Outside,OnFoot,
1670447931045,50.8135652,-0.1044205,46.5,50.81358411210277,-0.10443516124300857,39.40673828125,35.536201548314544,264.03507623848395,5.628542942614979,Outside,OnFoot,
1670447932050,50.813557,-0.1044301,46.5,50.81357864550693,-0.10444775973444045,39.511962890625,36.36802134468612,235.59318170543952,5.7228414422744684,Outside,OnFoot,
1670447933048,50.8135487,-0.1044318,46.5,50.8135702905451,-0.10445512725589005,39.89501953125,37.16263499037793,209.1907813754966,5.812614654504357,Outside,OnFoot,
1670447934045,50.8135435,-0.1044269,46.5,50.8135612523393,-0.10445608665048149,39.438232421875,37.9476101329584,183.84738239932494,5.86839695225466,Outside,OnFoot,
1670447935048,50.8135423,-0.104418,46.5,50.81355249734446,-0.10445167799249622,39.516357421875,38.74642317520286,162.30589269849145,5.937889968767455,Outside,OnFoot,
1670447936056,50.8135453,-0.1044122,46.5,50.81354712316458,-0.10445285676276979,39.67938232421875,39.521193050465776,187.91128107520012,5.989461473667616,Outside,OnFoot,
1670447937038,50.8135492,-0.104416,46.5,50.8135432759175,-0.1044571405637955,39.8106689453125,40.24663404687927,215.20053670370123,6.00006828054184,Outside,OnFoot,
1670447938052,50.8135482,-0.1044261,46.5,50.813538506738496,-0.10444737327741718,40.25543212890625,40.66964192394864,148.80777100137755,6.041227782332351,Outside,Stationary,
1670447939053,50.8135425,-0.1044309,46.5,50.813535742738296,-0.10443463847529416,40.66815185546875,40.66964192394864,175.07095724208534,6.064477363403006,Outside,Stationary,
1670447940035,50.8135393,-0.1044293,46.5,50.81353818054832,-0.10442644557771548,40.7362060546875,40.66964192394864,200.80243000319513,6.086292586029914,Outside,Stationary,
1670447941041,50.81354,-0.1044257,46.5,50.813541847454644,-0.10441498151994068,40.82379150390625,40.85268927622948,63.21196899245837,20.68842019429047,Outside,OnFoot,
1670447942047,50.8135443,-0.1044203,46.5,50.813552548394995,-0.10441199778770371,41.044921875,42.16204580940211,10.017999227967607,15.042996296248203,Outside,OnFoot,
1670447943048,50.8135511,-0.1044167,46.5,50.813561360042485,-0.10441244287584447,41.71978759765625,43.29358454705051,358.1670820374842,12.358992386645651,Outside,OnFoot,
1670447944037,50.8135581,-0.104415,46.5,50.81356874761501,-0.1044023954429572,41.84271240234375,44.325897276047684,40.74985522851273,10.723998952875542,Outside,OnFoot,
1670447945058,50.8135618,-0.1044088,46.5,50.813573263241246,-0.10438367986883812,41.71405029296875,45.39364190393472,69.15139488929168,9.589097031120444,Outside,OnFoot,
1670447946054,50.8135562,-0.1044013,46.5,50.813568339899994,-0.10436515404068868,41.93511962890625,46.45386530200149,112.75671169563162,8.758188565959824,Outside,OnFoot,
1670447947038,50.8135433,-0.1043995,46.5,50.813545486976274,-0.10437078239401566,42.32525634765625,47.15535210904632,250.79788939508865,8.203323433467808,Outside,Stationary,
1670447948046,50.8135333,-0.1044014,46.5,50.81352319762461,-0.10440518728479774,42.69091796875,47.15535210904632,237.02939653800217,8.35426382815832,Outside,Stationary,
1670447949036,50.8135239,-0.1044087,46.5,50.81351304077172,-0.10442004827660219,43.12103271484375,47.15535210904632,229.9884529834526,8.534678479505422,Outside,Stationary,
1670447950042,50.8135168,-0.1044151,46.5,50.813509627461336,-0.10442475546021335,43.142333984375,47.15535210904632,225.092811624393,8.709854879551386,Outside,Stationary,
1670447951047,50.8135126,-0.104419,46.5,50.813508565926575,-0.10442613588533535,43.14569091796875,47.15535210904632,221.44010974378511,8.86077512341535,Outside,Stationary,
1670447952038,50.8135102,-0.1044213,46.5,50.81350823327877,-0.10442652651953013,43.14825439453125,47.15535210904632,218.7427514598137,9.02470263054489,Outside,Stationary,
1670447953041,50.813509,-0.1044225,46.5,50.81350812818892,-0.104426646245032,43.1480712890625,47.15535210904632,217.40093372051933,9.165443114221905,Outside,Stationary,
1670447954051,50.8135083,-0.1044232,46.5,50.813501597208464,-0.10442822464745083,43.54949951171875,47.24863858424124,188.7052442758246,20.691764926506703,Outside,OnFoot,
1670447955039,50.8135056,-0.1044306,46.5,50.81349837309691,-0.10443787796173204,44.04083251953125,48.731707424787736,242.2029245355884,15.014735031469641,Outside,OnFoot,
1670447956046,50.8135025,-0.1044375,46.5,50.81349348355748,-0.1044449279908011,44.4083251953125,49.6287749081377,222.41126270405914,12.35243266836844,Outside,OnFoot,
1670447957039,50.8134989,-0.1044429,46.5,50.81348959679834,-0.10445287095938555,44.848388671875,50.459656140710685,232.31855968599564,10.735613412942609,Outside,OnFoot,
1670447958044,50.8134958,-0.104448,46.5,50.81348075017851,-0.10446406709440419,45.72894287109375,50.941583536023714,228.36109645847625,20.9205466990899,Inside,OnFoot,
1670447959043,50.813493,-0.1044555,46.5,50.81347374907681,-0.10447656757496024,46.1849365234375,52.14324886893694,228.33463392282874,20.991040943786352,Inside,OnFoot,
1670447960048,50.8134879,-0.104466,46.5,50.813470174227405,-0.10448221335094623,46.151611328125,53.37683203421345,224.26832038746738,21.069091253629065,Inside,OnFoot,
1670447961034,50.8134799,-0.104481,46.5,50.813463896378394,-0.10449286592407012,46.3846435546875,54.47704313677853,228.54935148123081,21.13909014051484,Inside,OnFoot,
1670447962048,50.8134767,-0.1044904,46.5,50.81345994921837,-0.10449978843676311,46.4635009765625,55.66335770696689,224.25579018244218,21.208858000462474,Inside,OnFoot,
1670447963032,50.8134746,-0.1045027,46.5,50.81346685675049,-0.10448412420227872,46.577392578125,56.602954585309526,198.76538818999893,21.286109650048544,Inside,OnFoot,
1670447964040,50.8134732,-0.1045173,46.5,50.813466991814934,-0.10447721640601004,46.6728515625,56.88677507487857,175.11047330453175,21.355397204195928,Inside,Stationary,
1670447965033,50.8134731,-0.104534,46.5,50.81346338010646,-0.10447576775998564,46.53155517578125,57.17634491490077,160.4195682688287,21.432120662660658,Inside,Stationary,
1670447966041,50.8134778,-0.104551,46.5,50.81346065698224,-0.10447382091583321,46.60125732421875,57.17634491490077,152.82374735039127,21.508570441768864,Inside,Stationary,
1670447967034,50.8134843,-0.1045684,46.5,50.81344961555192,-0.1044643794698759,46.4500732421875,57.76231495917612,147.53846653911995,21.577143651636007,Inside,OnFoot,
1670447968040,50.813491,-0.1045839,46.5,50.813441118698584,-0.10445514246595056,46.55560302734375,58.92058788924353,143.4064489021278,21.65308140919735,Inside,OnFoot,
1670447969033,50.8134975,-0.1045997,46.5,50.8134488893383,-0.10446335900277694,46.79071044921875,59.913752767749514,168.46899386873486,21.728753780721263,Inside,Stationary,
1670447970040,50.8135035,-0.1046144,46.5,50.81344861189664,-0.10446371984411197,46.85504150390625,59.913752767749514,193.3949347945861,21.796634294730193,Inside,Stationary,
1670447971036,50.8135089,-0.1046294,46.5,50.81344864323689,-0.10446373428946598,46.83612060546875,59.913752767749514,203.34192205406987,21.864304066066012,Inside,Stationary,
1670447972038,50.813514,-0.1046448,46.5,50.813448642868124,-0.1044637344461247,46.7388916015625,59.913752767749514,184.53045409129265,21.939247905144324,Inside,Stationary,
1670447973038,50.8135188,-0.1046602,46.5,50.81344864264642,-0.10446373442525272,46.81744384765625,59.913752767749514,171.2160872282342,22.006479144978723,Inside,Stationary,
1670447974035,50.8135188,-0.1046602,46.5,50.81343243918416,-0.10445970942854972,46.70068359375,60.82967233376966,162.50719944952266,22.08094043985844,Inside,OnFoot,
1670447975037,50.8135299,-0.1046818,46.5,50.81342193460571,-0.10445371983013603,46.7132568359375,62.02856422675831,156.87944402350888,22.155151479022962,Inside,OnFoot,
1670447976035,50.8135299,-0.1046818,46.5,50.81341301808359,-0.10444712566989219,46.6444091796875,63.113687618353794,151.5089972546159,22.221729518051013,Inside,OnFoot,
1670447977031,50.8135371,-0.1046933,46.5,50.813403167691426,-0.10443833350044104,46.531982421875,64.37386718242702,149.2325115056742,22.288108679034835,Inside,OnFoot,
1670447978041,50.8135382,-0.104698,46.5,50.813394421018984,-0.10443041403887941,46.4302978515625,65.58296209213772,150.65722443005507,22.36163220425201,Inside,OnFoot,
1670447979038,50.8135384,-0.1047022,46.5,50.813384470491876,-0.10442201001908923,46.4481201171875,66.7881518587306,151.11588997227562,22.42759729782382,Inside,OnFoot,
1670447980041,50.8135381,-0.1047058,46.5,50.81337433291934,-0.10441335294724716,46.4287109375,68.09997309538205,150.53970388752919,22.49336893993519,Inside,OnFoot,
1670447981041,50.8135378,-0.1047084,46.5,50.813364537789425,-0.10440454255504031,46.4307861328125,69.341779556313,149.16096060983034,22.56622371196008,Inside,OnFoot,
1670447982034,50.8135377,-0.1047103,46.5,50.81335462908719,-0.10439522661221949,46.43243408203125,70.64200344772657,147.95731952147042,22.631592483367676,Inside,OnFoot,
1670447983041,50.8135377,-0.1047118,46.5,50.813345023500375,-0.10438577285983655,46.3038330078125,71.92124707689685,148.1772215146363,22.70400371483065,Inside,OnFoot,
1670447984036,50.8135377,-0.1047133,46.5,50.81335042277612,-0.10438850641641337,46.03033447265625,73.20111247597117,150.0436461791743,22.776184733904532,Inside,OnFoot,
1670447985030,50.8135369,-0.1047127,46.5,50.813342767422625,-0.10438165905563339,46.091796875,74.26417533860504,150.68803749557583,22.840952623471093,Inside,OnFoot,
1670447986036,50.813536,-0.1047104,46.5,50.81333258232695,-0.10437294194126971,46.08953857421875,75.42254379429127,151.9571778546342,22.91270222163896,Inside,OnFoot,
1670447987030,50.8135352,-0.104707,46.5,50.813323097187016,-0.10436532712752236,46.0877685546875,76.4724222033458,154.80423139567642,22.977085298456366,Inside,OnFoot,
1670447988034,50.8135344,-0.1047034,46.5,50.813317997727324,-0.1043625017178543,46.08642578125,77.64103532728207,158.93674381583457,23.041288473678463,Inside,OnFoot,
1670447989032,50.8135337,-0.1046998,46.5,50.813308389598994,-0.1043572116256491,46.08544921875,78.73787184830599,163.85389801666793,23.112416162690426,Inside,OnFoot,
1670447990123,50.8135331,-0.1046962,46.5,50.813295954578884,-0.1043517177504116,46.08544921875,79.9842049804599,168.90418791004095,23.183325629148353,Inside,OnFoot,
1670447991200,50.8135331,-0.1046962,46.5,50.81328359868532,-0.10434792348882722,46.08544921875,81.2646117188152,173.37132580788455,23.25401886937378,Inside,OnFoot,
1670447992263,50.8135331,-0.1046962,46.5,50.813271800511764,-0.10434537420632696,46.08544921875,82.4782442181252,176.07627778021345,23.324497849409717,Inside,OnFoot,
1670447993323,50.8135331,-0.1046962,46.5,50.81326040336466,-0.10434353493075835,46.08544921875,83.65665243796174,177.30376838570317,23.39476450569821,Inside,OnFoot,
1670447994398,50.8135331,-0.1046962,46.5,50.81324724571483,-0.10434222676242771,46.08544921875,85.06031199093671,179.8396526981602,23.471814869368934,Inside,OnFoot,
1670447995479,50.8136431,-0.1045344,46.5,50.8132352366794,-0.10434183173706398,46.08544921875,86.32715399142401,182.6814125011407,23.54164182065138,Inside,OnFoot,
1670447996539,50.8136431,-0.1045344,46.5,50.813223636765734,-0.10434268710861312,46.08544921875,87.63420529376153,185.28610796747557,23.611262269558644,Inside,OnFoot,
1670447997660,50.8136431,-0.1045344,46.5,50.81321110435138,-0.10434446956664516,46.08544921875,89.00106410878062,191.86782158240771,23.680678037421288,Inside,OnFoot,
1670447998738,50.8136431,-0.1045344,46.5,50.813200047647996,-0.10435254725926962,46.08544921875,90.40315776049492,221.70558044700329,23.756801116674513,Inside,OnFoot,
1670447999798,50.8136431,-0.1045344,46.5,50.81319342533498,-0.1043663316161208,46.08544921875,91.71227817053212,246.1800797960741,23.82579286502637,Inside,OnFoot,
1670448000859,50.8136431,-0.1045344,46.5,50.81319049812581,-0.10438192936424921,46.08544921875,92.96093186866078,262.648287333104,23.894585411704323,Inside,OnFoot,
1670448001938,50.8136431,-0.1045344,46.5,50.813190326101804,-0.10439981093349947,46.08544921875,94.34347949563443,274.3123939659143,23.96318047228482,Inside,OnFoot,
1670448002998,50.8136431,-0.1045344,46.5,50.8131914718432,-0.10441680652524081,46.08544921875,95.66447554618479,280.1028354904364,24.031579737864206,Inside,OnFoot,
1670448004080,50.8136431,-0.1045344,46.5,50.81319354502778,-0.10443478368263547,46.08544921875,97.07617720196362,282.9172737788708,24.099784875541662,Inside,OnFoot,
1670448005165,50.8136431,-0.1045344,46.5,50.81319581625113,-0.10445244533545053,46.08544921875,98.46563744071412,283.00512026824066,24.167797528891104,Inside,OnFoot,
1670448006260,50.8136431,-0.1045344,46.5,50.81319804542246,-0.1044707834273921,46.08544921875,99.89886871955888,283.4672823909242,24.24239106157825,Inside,OnFoot,
1670448007321,50.8136431,-0.1045344,46.5,50.813200427642364,-0.10448693190484575,46.08544921875,101.17247597479711,284.592148166651,24.310004745630586,Inside,OnFoot,
1670448008379,50.8136431,-0.1045344,46.5,50.813202996031094,-0.10450398836767782,46.08544921875,102.51541581846944,284.84299611800816,24.370696675467283,Inside,OnFoot,
1670448009480,50.8136431,-0.1045344,46.5,50.81320582538344,-0.10452329090173056,46.08544921875,104.0283679660219,285.06265078842716,24.43795537268941,Inside,OnFoot,
1670448010541,50.8136431,-0.1045344,46.5,50.81322435247238,-0.10450944235978578,46.08544921875,105.26414687102552,308.1810960449885,24.50502946637239,Inside,OnFoot,
1670448011626,50.8136431,-0.1045344,46.5,50.81323539732071,-0.1045064172222763,46.08544921875,106.26590858288266,337.33246545983314,24.571920468247427,Inside,OnFoot,
1670448012704,50.8136431,-0.1045344,46.5,50.813242357123634,-0.10451011258934051,46.08544921875,107.17970043296198,354.69721183072795,24.631967059349172,Inside,OnFoot,
1670448013794,50.8136431,-0.1045344,46.5,50.81325224993868,-0.10449411938254584,46.08544921875,108.05102461033047,6.417368105533967,24.705159141320415,Inside,OnFoot,
1670448014861,50.8136431,-0.1045344,46.5,50.813254669749604,-0.10449280682637219,46.08544921875,108.2888836873497,14.429228112126111,24.771509734936195,Inside,Stationary,
1670448015924,50.8136431,-0.1045344,46.5,50.81326452541952,-0.1044883879951116,46.08544921875,108.44364953172159,18.719429280474856,24.83768308232759,Inside,OnFoot,
1670448016024,50.8136431,-0.1045344,46.5,50.81326586225167,-0.1044876440328746,44.69122314453125,108.6176908648454,19.421566900896607,24.84429072308443,Inside,OnFoot,
1670448017029,50.8134892,-0.104535,46.5,50.81327569697647,-0.10448198338543441,44.4522705078125,109.73469202501713,21.439895627623002,24.9102707308285,Inside,OnFoot,
1670448018030,50.8134858,-0.1045142,46.5,50.813285875954776,-0.10447537614088394,44.27508544921875,111.00325254841398,24.13798810250705,24.976076437925347,Inside,OnFoot,
1670448019040,50.813484,-0.1044975,46.5,50.813294943801296,-0.104468569414885,44.17108154296875,112.14127416009356,27.00217691960546,25.0351536833318,Inside,OnFoot,
1670448020036,50.8134832,-0.1044805,46.5,50.813305054868366,-0.10445994601518344,43.28399658203125,113.45388416213146,30.563320990944646,25.094091847744828,Inside,OnFoot,
1670448021028,50.8134904,-0.1044415,46.5,50.813314215607896,-0.10445091816108815,42.67230224609375,114.716765960674,33.00744446549015,25.159416766156134,Inside,OnFoot,
1670448022032,50.8135067,-0.1043876,46.5,50.81332378798784,-0.10444118814046374,42.67138671875,116.03464490959355,32.86593890879294,25.21806451193396,Inside,OnFoot,
1670448023036,50.8135228,-0.1043412,46.5,50.813333423100005,-0.10443112814470612,42.833740234375,117.39584144094256,34.34658245532978,25.283069119036803,Inside,OnFoot,
1670448024042,50.8135368,-0.1043172,46.5,50.8133424241064,-0.10442115950619474,46.0364990234375,118.70026637364508,35.987624181018134,25.347907022633812,Inside,OnFoot,
1670448025052,50.8135636,-0.1043047,46.5,50.81332376977239,-0.10443635256499614,42.36578369140625,119.78042708346895,18.997593271987853,25.406119659309287,Inside,OnFoot,
1670448026040,50.8135832,-0.1042888,46.5,50.813331525686124,-0.10443563811441488,42.556640625,120.74744018462262,351.9897592569757,25.464199218870636,Inside,OnFoot,
1670448027036,50.8135942,-0.1042554,46.5,50.81334081211512,-0.10443724584834493,42.884765625,121.60865599286208,335.0958036285302,25.522146609825562,Inside,OnFoot,
1670448028041,50.8136006,-0.1042234,46.5,50.81334977164374,-0.10444318666722942,42.6285400390625,122.62087232466996,321.73183057514336,25.57996273039216,Inside,OnFoot,
1670448029045,50.8136199,-0.1041666,46.5,50.813356604703465,-0.10445123676525403,43.977783203125,123.59781569714177,314.76607126202634,25.644049985096686,Inside,OnFoot,
1670448030045,50.8136252,-0.1041379,46.5,50.8133647683668,-0.10446121182312079,41.86480712890625,124.71636863228129,310.4118260253957,25.70797747758747,Inside,OnFoot,
1670448031051,50.8136273,-0.1041136,46.5,50.813371498297286,-0.10447050308016241,40.80523681640625,125.67057833038885,307.3429276635645,25.76537660705041,Inside,OnFoot,
1670448032044,50.8136277,-0.1040894,46.5,50.81337826252325,-0.10448125297617399,41.7796630859375,126.7063320747171,305.1665065100434,25.82900381456815,Inside,OnFoot,
1670448033049,50.8136265,-0.1040675,46.5,50.81337699619535,-0.10449198044898085,39.58111572265625,127.85906768262623,305.0331971229731,25.892474667422054,Inside,OnFoot,
1670448034040,50.813623,-0.1040486,46.5,50.813377540227116,-0.10450021397261282,41.770263671875,128.75623629967035,303.8380219806247,25.94946570005271,Inside,OnFoot,
1670448035030,50.8135736,-0.1040173,46.5,50.8133674383313,-0.10450357601126155,41.7486572265625,129.68263378478142,308.0966838462608,26.012642627543705,Inside,OnFoot,
1670448036042,50.8135359,-0.10399,46.5,50.81336224877557,-0.10450445389813097,40.1954345703125,130.31234588225112,328.2353278591765,26.069370958718714,Inside,Stationary,
1670448037040,50.8135069,-0.1039701,46.5,50.81336221749442,-0.10450450063862787,38.320556640625,130.31234588225112,354.6293145573957,26.125976113789203,Inside,Stationary,
1670448038042,50.8134785,-0.1039607,46.5,50.81336225288404,-0.10450449480841033,32.38824462890625,130.31234588225112,13.906210064517268,26.188727236126326,Inside,Stationary,
1670448039041,50.8134679,-0.1039713,46.5,50.81337479841392,-0.10449858541039063,34.78790283203125,131.04564109517986,25.46719951795336,26.245074965852336,Inside,OnFoot,
1670448040046,50.813461,-0.1039903,46.5,50.813384827574254,-0.10449001286910159,40.77783203125,132.25474077530924,32.50655623062261,26.307542004396062,Inside,OnFoot,
1670448041049,50.8134582,-0.1040114,46.5,50.813387861120574,-0.10448486860620822,46.26263427734375,133.4094434721084,38.528165520850735,26.369861066436307,Inside,OnFoot,
1670448042036,50.8134566,-0.1040281,46.5,50.813394253742764,-0.10447626151166602,49.68048095703125,134.455303969386,41.970474776966114,26.425822567670078,Inside,OnFoot,
1670448043042,50.8134566,-0.1040281,46.5,50.81340310794886,-0.10446464919385859,54.2435302734375,135.57565727976552,43.09784852984518,26.48786334772989,Inside,OnFoot,
1670448044043,50.8134525,-0.1040387,46.5,50.813410804358,-0.10445382816163101,52.7080078125,136.61357017157374,44.1066156183648,26.543576067348212,Inside,OnFoot,
1670448045042,50.8134404,-0.1040572,46.5,50.81341933411629,-0.10444139684733293,51.3836669921875,137.80409018739653,44.85750650900127,26.59917209535069,Inside,OnFoot,
1670448046044,50.8134329,-0.1040645,46.5,50.81342717410144,-0.10442954661230439,54.0889892578125,138.96806055228416,45.639277056515766,26.65465216192454,Inside,OnFoot,
1670448047044,50.8134266,-0.1040676,46.5,50.81343542985065,-0.104416045995885,53.3759765625,140.2841950083602,47.976907612309844,26.71616155482018,Inside,OnFoot,
1670448048044,50.8134266,-0.1040676,46.5,50.813441961934686,-0.1044046115505746,53.08062744140625,141.40423968728447,49.229371881338295,26.771399177822254,Inside,OnFoot,
1670448049033,50.8134203,-0.1040724,46.5,50.81344943912483,-0.10439092391160003,53.4034423828125,142.69126773591714,50.56888732284938,26.832640948821282,Inside,OnFoot,
1670448050044,50.8134081,-0.1040762,46.5,50.81345652425832,-0.10437722616196876,50.86651611328125,143.98394898435754,52.251681280721414,26.8937432619253,Inside,OnFoot,
1670448051035,50.8134081,-0.1040762,46.5,50.813462786459965,-0.10436400988049378,50.74981689453125,145.1862300959715,55.4201944656661,26.94861689128643,Inside,OnFoot,
1670448052039,50.8134043,-0.1040728,46.5,50.813468751327505,-0.10435004159269146,54.35552978515625,146.43620889007096,58.28138428579473,27.009456838363764,Inside,OnFoot,
1670448053039,50.8133996,-0.104062,46.5,50.81346574790084,-0.10434940327251818,55.75799560546875,147.65973587101502,60.449571556716535,27.06409585444421,Inside,OnFoot,
1670448054048,50.8133971,-0.1040572,46.5,50.813456785676614,-0.104358731252,57.4620361328125,148.80578723620775,58.35315441313736,27.124676786434467,Inside,OnFoot,
1670448055044,50.8133971,-0.1040572,46.5,50.81344061410483,-0.10438628079028062,58.977294921875,149.66246030635992,30.03159775288384,27.185122716636013,Inside,OnFoot,
1670448056033,50.8133899,-0.1040463,46.5,50.81343964535015,-0.10438916050671042,59.0848388671875,149.71441412688105,9.001017766775476,27.23940937012803,Inside,Stationary,
1670448057037,50.8133831,-0.1040358,46.5,50.8134468071303,-0.10438889366345523,60.080810546875,149.79522548300926,353.72041994226817,27.29960126418735,Inside,OnFoot,
1670448058040,50.8133758,-0.1040246,46.5,50.8134560457879,-0.10439177185587152,62.52764892578125,150.84896928695656,344.6582264229593,27.35366072207816,Inside,OnFoot,
1670448059034,50.8133681,-0.1040161,46.5,50.813466345814966,-0.10439692519355778,64.1300048828125,152.0632171059528,339.303781823437,27.407613551962918,Inside,OnFoot,
1670448060035,50.8133681,-0.1040161,46.5,50.81347549749291,-0.10440264601701799,65.65673828125,153.24098538539693,337.4369520752361,27.467436847362826,Inside,OnFoot,
1670448061030,50.8133592,-0.1039913,46.5,50.81348515183679,-0.10440922709797348,65.812744140625,154.47418331979125,335.24652533077506,27.521166630048576,Inside,OnFoot,
1670448062044,50.8133551,-0.1039748,46.5,50.81349395265884,-0.10441613202139255,67.00274658203125,155.69575783474204,331.14001265430755,27.580743627190998,Inside,OnFoot,
1670448063041,50.8133505,-0.1039456,46.400001525878906,50.81350324053211,-0.1044245379196266,68.03668212890625,156.97754089645682,328.5710231934234,27.64019220951321,Inside,OnFoot,
1670448064044,50.8133505,-0.1039456,46.400001525878906,50.813511760212045,-0.10443253314996666,68.479248046875,158.1787285981624,329.09931583539645,27.693586822475222,Inside,OnFoot,
1670448065043,50.8133491,-0.1038984,46.400001525878906,50.81352113458317,-0.1044404189123943,68.80462646484375,159.46763043423968,333.59472384203985,27.75279368719281,Inside,OnFoot,
1670448066042,50.8133484,-0.1038729,46.400001525878906,50.81352982211707,-0.10444689748609609,69.54266357421875,160.6225040950933,333.0305984900529,27.805972077216417,Inside,OnFoot,
1670448067036,50.813349,-0.1038522,46.400001525878906,50.81353178241353,-0.1044531150048575,68.78143310546875,161.9027838949337,308.9759053664151,27.859048958532007,Inside,OnFoot,
1670448068036,50.8133516,-0.1038331,46.400001525878906,50.81353633353556,-0.10446633445944029,67.8663330078125,163.05657055062562,287.48769311641854,27.91790492182433,Inside,OnFoot,
1670448069036,50.8133567,-0.1038167,46.400001525878906,50.81353879093926,-0.1044823003706903,67.59619140625,164.26429054990774,272.03036029586576,27.970769401987482,Inside,OnFoot,
1670448070034,50.8133618,-0.1038034,46.400001525878906,50.813538727413665,-0.1044975573934327,67.32757568359375,165.45761311283357,264.44092934579305,28.029390776271963,Inside,OnFoot,
1670448071040,50.8133669,-0.1037898,46.400001525878906,50.813537904223104,-0.10451391199788805,66.33099365234375,166.7247219170678,259.9438963422342,28.087889803949004,Inside,OnFoot,
1670448072039,50.8133747,-0.1037734,46.400001525878906,50.81353647451325,-0.1045287469691319,66.70135498046875,167.8786401894706,256.8536896795133,28.14043495317306,Inside,OnFoot,
1670448073034,50.8133797,-0.1037573,46.400001525878906,50.81353438581801,-0.10454477420291768,67.132568359375,169.15314677315416,255.9465026561246,28.198703617433175,Inside,OnFoot,
1670448074040,50.8133828,-0.1037431,46.400001525878906,50.81353230483306,-0.10456034878781188,64.38226318359375,170.38195435817426,256.0872908578349,28.256852125699684,Inside,OnFoot,
1670448075023,50.8133938,-0.1037299,46.400001525878906,50.81353034556461,-0.10457498340050168,61.9833984375,171.5569188263011,258.148023978172,28.3090836617602,Inside,OnFoot,
1670448076045,50.8134028,-0.1037157,46.400001525878906,50.8135288345796,-0.10459181620206086,61.95855712890625,172.85002511915806,261.00436706767437,28.367005906836088,Inside,OnFoot,
1670448077039,50.8134156,-0.1036989,46.400001525878906,50.813527664136075,-0.10460696359246617,61.4271240234375,174.00525524110148,261.1535565940644,28.419034991238522,Inside,OnFoot,
1670448078045,50.8134309,-0.1036812,46.400001525878906,50.81352637916896,-0.10462354786579575,60.9649658203125,175.29425186876347,262.4393229350501,28.47096899559488,Inside,OnFoot,
1670448079042,50.813449,-0.1036654,46.400001525878906,50.813525121424,-0.10463905811796288,60.2330322265625,176.52754168839652,260.6990559439854,28.522808439267248,Inside,OnFoot,
1670448080038,50.8134696,-0.1036529,46.400001525878906,50.81352351766704,-0.10465488575530071,59.9346923828125,177.74918744307246,258.34686682789265,28.57455383690309,Inside,OnFoot,
1670448081033,50.8134903,-0.1036442,46.400001525878906,50.813520375687865,-0.10466364325213377,59.421875,179.0655831541214,258.3622393673967,28.631939042406945,Inside,OnFoot,
1670448082037,50.8135115,-0.1036391,46.400001525878906,50.81351844076606,-0.10467909457364988,59.1505126953125,180.33436364690078,259.1227827739316,28.689209464155912,Inside,OnFoot,
1670448083039,50.8135325,-0.1036375,46.400001525878906,50.813515928978994,-0.10468556531427518,58.46978759765625,181.5030953553895,259.8403676577175,28.740655270770944,Inside,OnFoot,
1670448084038,50.8135523,-0.1036388,46.400001525878906,50.81350945975902,-0.10464385898708965,58.96783447265625,182.55123734797647,273.45530947526606,28.79770948779301,Inside,OnFoot,
1670448085033,50.8135693,-0.1036443,46.400001525878906,50.81350954860956,-0.10463643673456993,58.75970458984375,183.34163920511588,297.91391028260995,28.854650891904065,Inside,OnFoot,
1670448086039,50.8135845,-0.1036496,46.400001525878906,50.81351257609923,-0.10463932935149085,58.98193359375,184.0496476071371,317.55668929413343,28.90580225160287,Inside,OnFoot,
1670448087045,50.8135982,-0.1036514,46.400001525878906,50.81351739606138,-0.10464451357027868,58.0809326171875,184.79481910441905,331.1581609032486,28.96253114213065,Inside,OnFoot,
1670448088036,50.8136113,-0.1036525,46.400001525878906,50.81352395685398,-0.10465424002000465,57.31890869140625,185.54002685985733,340.95393779327924,29.019149134819127,Inside,OnFoot,
1670448089038,50.8136237,-0.1036535,46.400001525878906,50.813531026774065,-0.10466195449334847,56.00689697265625,186.29711721385468,347.2540427870249,29.070011046158204,Inside,OnFoot,
1670448090036,50.8136309,-0.1036536,46.400001525878906,50.813538782826996,-0.1046684731831851,55.985595703125,187.10387130052365,351.6931011977107,29.126420112568734,Inside,OnFoot,
1670448091035,50.813636,-0.1036516,46.400001525878906,50.81354746986911,-0.10467390824156408,57.299560546875,188.0021945350138,354.5879841662742,29.182720142644527,Inside,OnFoot,
1670448092043,50.8136362,-0.1036513,46.400001525878906,50.81355494146967,-0.10467646802396502,57.88470458984375,188.85776811137515,355.5568783230483,29.233297464344957,Inside,OnFoot,
1670448093039,50.8136293,-0.1036521,46.400001525878906,50.813549746002174,-0.1046567367090722,56.7982177734375,189.70192337903984,350.289527873248,29.28939205563797,Inside,OnFoot,
1670448094042,50.8136203,-0.1036579,46.400001525878906,50.813549235161084,-0.10465415275545256,55.89178466796875,189.77403405364726,325.7077841706483,29.34537942059714,Inside,Stationary,
1670448095037,50.8136112,-0.1036669,46.400001525878906,50.813549679344796,-0.10465490309667985,56.4239501953125,189.77403405364726,303.6295063780798,29.395676876945704,Inside,Stationary,
1670448096041,50.8136029,-0.103676,46.400001525878906,50.813557704519106,-0.104675019956803,56.3511962890625,190.57757252589326,286.48142878578426,29.451462194667254,Inside,OnFoot,
1670448097034,50.8136146,-0.1036395,46.400001525878906,50.813559362976186,-0.10468795650946441,56.23138427734375,191.628303895227,277.5804687995664,29.50157879027883,Inside,OnFoot,
1670448098039,50.8136146,-0.1036395,46.400001525878906,50.81356007913889,-0.10470358544663222,56.24578857421875,192.8257304289411,270.8586576522906,29.551610393240555,Inside,OnFoot,
1670448099029,50.813621,-0.103605,46.400001525878906,50.81356003092872,-0.10471840633228881,55.525634765625,193.98237501584128,268.33891986769186,29.596011925828503,Inside,OnFoot,
1670448100038,50.8136251,-0.1035913,46.400001525878906,50.813559834043296,-0.10473468703039779,55.737548828125,195.1957989644063,267.7235112833155,29.6458841600141,Inside,OnFoot,
1670448101035,50.8136288,-0.1035811,46.400001525878906,50.81355951967403,-0.10475026101661844,55.85760498046875,196.3846807612493,267.03722251222007,29.701199537708312,Inside,OnFoot,
1670448102040,50.8136314,-0.1035737,46.400001525878906,50.813559035996654,-0.10476646875779176,56.4522705078125,197.64983789940632,266.65866373445317,29.756412087629787,Inside,OnFoot,
1670448103039,50.8136344,-0.1035676,46.400001525878906,50.81355866338728,-0.10478116278286911,56.29693603515625,198.81443369555623,267.69221971845354,29.806015937120172,Inside,OnFoot,
1670448104028,50.8136381,-0.1035614,46.400001525878906,50.8135585064776,-0.10479774506680035,56.6480712890625,200.0928612874345,269.11098319231314,29.8555373717941,Inside,OnFoot,
1670448105032,50.8136378,-0.103605,46.400001525878906,50.813558466435076,-0.10481302307109243,56.01055908203125,201.23989803422887,268.7296046041831,29.90497680108422,Inside,OnFoot,
1670448106039,50.8136378,-0.103605,46.400001525878906,50.81355828322545,-0.10482958327438126,54.95635986328125,202.52020716811649,268.4542243525815,29.954334631044333,Inside,OnFoot,
1670448107031,50.8136525,-0.1036436,46.400001525878906,50.81355808853278,-0.10484588237720442,55.77545166015625,203.8183186131724,269.56645200214234,30.003611264374264,Inside,OnFoot,
1670448108042,50.8136627,-0.1036504,46.400001525878906,50.81355820363135,-0.1048623302409553,55.13372802734375,205.06876537659085,272.0923534584575,30.05826833424707,Inside,OnFoot,
1670448109043,50.813674,-0.1036539,46.400001525878906,50.81355883373339,-0.10487784954009217,53.92913818359375,206.27869885651404,275.0305824854091,30.107374860135018,Inside,OnFoot,
1670448110038,50.8136868,-0.1036537,46.400001525878906,50.81355980018502,-0.10489421558487316,54.17230224609375,207.59992002900316,275.4508802583379,30.16184389785455,Inside,OnFoot,
1670448111037,50.8136996,-0.1036526,46.400001525878906,50.8135602234788,-0.10489868306365471,53.8167724609375,208.74428738975982,274.1114538157568,30.210782065906198,Inside,OnFoot,
1670448112038,50.8136996,-0.1036526,46.400001525878906,50.813561054517386,-0.10490412337403396,53.652099609375,210.00208138439075,284.59455988298055,30.25964108757207,Inside,OnFoot,
1670448113036,50.8137257,-0.1036602,46.400001525878906,50.81356226392799,-0.1048637675055907,55.037841796875,210.96642569400566,312.08366341751133,30.31383652886073,Inside,OnFoot,
1670448114045,50.81374,-0.1036594,46.400001525878906,50.81356826671634,-0.10487032907997818,55.10968017578125,211.91665743293,334.2551800680334,30.367935251652163,Inside,OnFoot,
1670448115040,50.8137551,-0.1036522,46.400001525878906,50.813573037873894,-0.10486544311602279,56.32781982421875,212.72500320350343,345.681543202827,30.416541834396703,Inside,OnFoot,
1670448116041,50.813771,-0.1036385,46.400001525878906,50.81357976937169,-0.10486980988855688,56.474853515625,213.53840792415218,354.9787637057799,30.470458209777227,Inside,OnFoot,
1670448117037,50.8137878,-0.1036221,46.400001525878906,50.8135786570815,-0.10484369771263065,56.61151123046875,214.11896714726745,20.197281276368813,30.518901507570654,Inside,Stationary,
1670448118038,50.8138048,-0.1036062,46.400001525878906,50.81357885203969,-0.10484301413535814,56.53680419921875,214.11896714726745,48.438316582827326,30.572637367077174,Inside,Stationary,
1670448119035,50.8138048,-0.1036062,46.400001525878906,50.81358309063932,-0.10483247646786459,56.60467529296875,214.1988880822777,68.40204549853166,30.62627894356152,Inside,OnFoot,
1670448120041,50.8138383,-0.103575,46.400001525878906,50.813585621814966,-0.10481835651755513,56.75390625,215.2403080323914,81.23712184029137,30.674476159244136,Inside,OnFoot,
1670448121041,50.8138554,-0.1035629,46.400001525878906,50.813586584606284,-0.10480244194251691,57.066650390625,216.43821461042504,89.5892596675917,30.727939956886768,Inside,OnFoot,
1670448122041,50.8138728,-0.1035541,46.400001525878906,50.8135852908452,-0.10479581556971386,56.99560546875,217.63025590441583,94.00785494757207,30.781310893848694,Inside,OnFoot,
1670448123040,50.8138906,-0.103551,46.400001525878906,50.81358461283527,-0.10478398097581625,56.88543701171875,218.60925422892362,96.07422203987892,30.829265739854815,Inside,OnFoot,
1670448124036,50.8139067,-0.1035535,46.400001525878906,50.813583795766725,-0.1047671717975929,56.81585693359375,219.65434033008253,99.60084937873029,30.88246156653686,Inside,OnFoot,
1670448125038,50.8139214,-0.1035576,46.400001525878906,50.81358218352773,-0.10475289540241141,56.40576171875,220.73341471632162,102.53240628000805,30.93556591948384,Inside,OnFoot,
1670448126043,50.8139341,-0.1035645,46.400001525878906,50.813579951998896,-0.10473557852706197,55.482666015625,221.9627922129068,104.81010301912738,30.98857926896139,Inside,OnFoot,
1670448127035,50.813945,-0.1035742,46.400001525878906,50.813577489630276,-0.104720308126567,55.88507080078125,223.0622216196409,107.91593155873494,31.036213860964,Inside,OnFoot,
1670448128032,50.8139542,-0.1035876,46.400001525878906,50.81357437691059,-0.1047047592835694,55.804931640625,224.2199413099828,111.10211343612156,31.089055585101477,Inside,OnFoot,
1670448129041,50.8139628,-0.1036043,48.205760681177495,50.81357103342505,-0.10468989764498472,55.44024658203125,225.3596249167171,111.47650115280965,31.13653646262801,Inside,OnFoot,
1670448130032,50.8138996,-0.1035738,46.400001525878906,50.813567655977174,-0.10467549509060264,54.55889892578125,226.54284388689467,111.80540416012093,31.178680985068297,Inside,OnFoot,
1670448131035,50.8138685,-0.1035602,46.400001525878906,50.81356406070829,-0.10466053902793487,54.5806884765625,227.7230734340597,113.51748937083107,31.226025582580306,Inside,OnFoot,
1670448132043,50.8138418,-0.1035488,46.400001525878906,50.81355981448844,-0.10464535576084427,53.27325439453125,228.99249559221423,116.13832561627373,31.27329850525713,Inside,OnFoot,
1670448133034,50.8138179,-0.1035398,46.400001525878906,50.81355557507503,-0.10463108199592006,52.78936767578125,230.20073477070105,116.07049074917853,31.325740306480768,Inside,OnFoot,
1670448134041,50.8138179,-0.1035398,46.400001525878906,50.813551328346534,-0.10461685254000286,49.25872802734375,231.45285064663557,115.19670444541839,31.37286297843624,Inside,OnFoot,
1670448135037,50.8137792,-0.1035247,46.400001525878906,50.8135468222713,-0.10460199007107376,47.09661865234375,232.74414498900921,116.5640370661418,31.41991497727203,Inside,OnFoot,
1670448136038,50.8137792,-0.1035247,46.400001525878906,50.81355460907876,-0.10465375803998433,46.19329833984375,233.81447932556142,95.96326328248898,31.472112473256367,Inside,OnFoot,
1670448137046,50.813749,-0.1035127,46.400001525878906,50.813557244223254,-0.10465336941548489,45.66162109375,234.6613346986477,68.12408888521037,31.52422354125925,Inside,OnFoot,
1670448138035,50.8137385,-0.1035079,46.400001525878906,50.81356003883456,-0.10464267631982012,47.7091064453125,235.43250778901685,51.16236356597415,31.571049960274962,Inside,OnFoot,
1670448139031,50.8137916,-0.1035618,46.400001525878906,50.813564144984,-0.10463074435262515,47.44635009765625,236.2604174279181,40.90119617158962,31.622997991083952,Inside,OnFoot,
1670448140040,50.8138259,-0.103597,46.400001525878906,50.81356901792592,-0.1046200855599449,46.75506591796875,237.08927457396982,36.3202862647816,31.669678363682703,Inside,OnFoot,
1670448141040,50.8138492,-0.1036247,46.400001525878906,50.8135749032177,-0.10460969647422395,46.0830078125,238.00794408538914,33.08447179763584,31.716290031686604,Inside,OnFoot,
1670448142040,50.8138644,-0.1036451,46.400001525878906,50.81358046264817,-0.10460208661006387,45.86578369140625,238.84785068436977,32.07785702222003,31.762833297566647,Inside,OnFoot,
1670448143039,50.8138757,-0.1036603,46.400001525878906,50.81358719477169,-0.10459177109506475,45.65777587890625,239.8257299923413,31.78622626739275,31.80930846157995,Inside,OnFoot,
1670448144044,50.8138867,-0.10367,46.400001525878906,50.81359183135292,-0.10459812989445139,44.576904296875,240.71257359640418,9.888426736339738,31.86086802260873,Inside,OnFoot,
1670448145037,50.8138867,-0.10367,46.400001525878906,50.81359943020734,-0.10459558757519814,44.45257568359375,241.60774507832596,344.5548599992775,31.907200392218208,Inside,OnFoot,
1670448146035,50.8139103,-0.103679,46.400001525878906,50.813606304434515,-0.10459818013200636,44.63232421875,242.51691385473285,326.35834761379056,31.9586020222926,Inside,OnFoot,
1670448147034,50.8139211,-0.1036845,46.400001525878906,50.81361375923651,-0.10460149836134557,43.91290283203125,243.50777072097102,314.0016199436444,32.00992111157472,Inside,OnFoot,
1670448148041,50.8139323,-0.1036852,46.400001525878906,50.81362006928285,-0.10460723148828813,44.26318359375,244.46280316192076,308.25748375007043,32.05603804720579,Inside,OnFoot,
1670448149051,50.8139446,-0.1036837,46.400001525878906,50.81362614915394,-0.10461497593892799,44.4859619140625,245.47498482772613,305.68719876743035,32.10720139834948,Inside,OnFoot,
1670448150037,50.8139573,-0.1036812,46.400001525878906,50.81363120872955,-0.1046245424119898,43.372314453125,246.50899753619694,303.6431767519115,32.15828334945967,Inside,OnFoot,
1670448151034,50.8139703,-0.1036769,46.400001525878906,50.81363659961522,-0.10463419221183344,43.68927001953125,247.5480396269795,301.88486582248913,32.20418782858859,Inside,OnFoot,
1670448152042,50.8139827,-0.1036715,46.400001525878906,50.813642142247566,-0.10464539180470202,43.9388427734375,248.68462546054855,301.12390677372593,32.255116184089374,Inside,OnFoot,
1670448153041,50.8139942,-0.1036623,46.400001525878906,50.813647709860504,-0.10465707565629741,43.282958984375,249.84143066070277,302.33886832552025,32.30596425428283,Inside,OnFoot,
1670448154039,50.8140073,-0.1036527,46.400001525878906,50.81365304890261,-0.1046679690508797,42.78680419921875,250.91650535358107,303.5074828948289,32.35165918641578,Inside,OnFoot,
1670448155034,50.8140211,-0.1036437,46.400001525878906,50.81365851943262,-0.10467987675059749,43.02337646484375,252.10699498267715,304.011151360361,32.39728966794823,Inside,OnFoot,
1670448156039,50.8140356,-0.1036339,46.400001525878906,50.81366421559736,-0.1046914185107863,44.6851806640625,253.23064920480329,303.53970146664795,32.44285597082772,Inside,OnFoot,
1670448157038,50.8140489,-0.103619,44.14961392169955,50.81366974304344,-0.1047032665763057,45.7000732421875,254.38328858646,303.93491929271886,32.488358365097604,Inside,OnFoot,
1670448158043,50.8140611,-0.1036012,46.400001525878906,50.813675543132696,-0.10471574254910779,45.51849365234375,255.6085911831565,304.95682149811535,32.533797118904204,Inside,OnFoot,
1670448159039,50.8139992,-0.1035169,46.400001525878906,50.81368060962554,-0.10472670208086972,47.39739990234375,256.6975611857882,305.50854546429537,32.579172498531385,Inside,OnFoot,
1670448160037,50.8139992,-0.1035169,46.400001525878906,50.813686958501584,-0.1047391813416967,47.0181884765625,257.94757312139893,310.93292336697243,32.624484768410674,Inside,OnFoot,
1670448161037,50.8139443,-0.1034424,46.400001525878906,50.81369439720053,-0.10474828108838291,47.0255126953125,259.1325071283587,333.46091423889953,32.67475803666109,Inside,OnFoot,
1670448162040,50.813924,-0.1034134,46.400001525878906,50.813697028434326,-0.10474509091493006,46.52008056640625,260.2931946544685,357.4463366303731,32.719937934987286,Inside,OnFoot,
1670448163029,50.8139079,-0.1033888,46.400001525878906,50.81370613091331,-0.10474364709889336,45.99090576171875,261.4612486822998,14.206582096581997,32.765055534582864,Inside,OnFoot,
1670448164036,50.8138953,-0.1033675,46.400001525878906,50.813714325825494,-0.10473917872469296,45.930908203125,262.5799045204188,25.901804958509445,32.81511344692141,Inside,OnFoot,
1670448165039,50.8138855,-0.1033503,46.400001525878906,50.81372236081909,-0.10473311388793702,45.8433837890625,263.6795732212377,33.42264458104535,32.860100368825876,Inside,OnFoot,
1670448166038,50.8138855,-0.1033503,46.400001525878906,50.81373037520353,-0.1047253245455187,43.79779052734375,264.8620219948691,36.69267044696409,32.91001371314483,Inside,OnFoot,
1670448167044,50.8139536,-0.1033436,46.400001525878906,50.81373845717636,-0.10471661886756761,45.50152587890625,266.08023043199387,39.6207538197001,32.95985147037687,Inside,OnFoot,
1670448168043,50.8140055,-0.1033423,46.400001525878906,50.81374461522738,-0.10470797761926236,46.311279296875,267.1526762996379,49.96119832946641,33.0046411079461,Inside,OnFoot,
1670448169032,50.8140429,-0.1033364,46.400001525878906,50.813741254052005,-0.10469586394030198,46.11962890625,268.26148062379116,78.58103422560959,33.05433619079762,Inside,OnFoot,
1670448170043,50.814071,-0.1033289,46.400001525878906,50.81374147574781,-0.10468279612069904,46.358154296875,269.36540029864625,102.42217270904126,33.098997971677,Inside,OnFoot,
1670448171043,50.8140931,-0.103324,46.400001525878906,50.81373603409832,-0.10467193439447087,46.3968505859375,270.45484106695733,118.61734366906717,33.1485515985048,Inside,OnFoot,
1670448172041,50.8141111,-0.1033215,46.400001525878906,50.81373152945314,-0.10466186021947378,46.18768310546875,271.50033616970006,129.93138510816124,33.1980312583328,Inside,OnFoot,
1670448173042,50.8141259,-0.1033206,46.400001525878906,50.81372678039837,-0.10465202194395395,46.15985107421875,272.5831703022375,136.48815846160267,33.24249998337509,Inside,OnFoot,
1670448174038,50.8141387,-0.1033203,46.400001525878906,50.81372143239121,-0.10464288870362748,46.56610107421875,273.66330911086055,141.74855190960272,33.29184001365452,Inside,OnFoot,
1670448175040,50.8141503,-0.1033187,46.400001525878906,50.81371551232279,-0.10463422822443791,42.70623779296875,274.7496994397206,144.01822339835775,33.341107027887055,Inside,OnFoot,
1670448176044,50.814156,-0.1033096,46.400001525878906,50.81370825374179,-0.10462897603933449,41.587646484375,275.8241391838157,145.88729493907243,33.385385179143995,Inside,OnFoot,
1670448177042,50.8141573,-0.1032971,46.400001525878906,50.81370122141428,-0.10462178489800793,41.6273193359375,276.94719890620166,148.4055179381984,33.429604683200196,Inside,OnFoot,
1670448178035,50.8141573,-0.1032854,46.400001525878906,50.81369450317262,-0.10461407514795401,40.29522705078125,278.0154033140438,149.83190520785547,33.47866896435701,Inside,OnFoot,
1670448179038,50.8141581,-0.1032741,46.400001525878906,50.81368750193076,-0.10460656540748808,36.23016357421875,279.08985724795394,150.6838489059303,33.522765419037974,Inside,OnFoot,
1670448180043,50.814154,-0.1032624,46.400001525878906,50.81367967950994,-0.10459895623521898,36.69915771484375,280.2580076570124,152.31454077932358,33.56680394459866,Inside,OnFoot,
1670448181042,50.8141492,-0.1032517,46.400001525878906,50.81367221134713,-0.10459235521065459,31.78338623046875,281.37327164242026,151.76905739763504,33.6156679749946,Inside,OnFoot,
1670448182048,50.814131,-0.1032426,46.400001525878906,50.81366341360995,-0.1045838142600447,31.38983154296875,282.63424704209035,152.58052262557078,33.66446107922635,Inside,OnFoot,
1670448183035,50.8141058,-0.103239,46.400001525878906,50.8136557796908,-0.1045774659311043,26.5374755859375,283.7438650517918,154.0480375144184,33.70831448574553,Inside,OnFoot,
1670448184042,50.8140368,-0.1032386,46.400001525878906,50.8136474314126,-0.10457032893588895,31.4981689453125,284.91258474836906,153.28058060532544,33.756973676862955,Inside,OnFoot,
1670448185037,50.8139801,-0.1032261,46.400001525878906,50.813639770121874,-0.10456232229654815,31.6627197265625,286.0564286620302,140.69967279203132,33.80070705673607,Inside,OnFoot,
1670448186035,50.8139311,-0.1032133,46.400001525878906,50.813634253191836,-0.10455034375008707,32.43804931640625,287.2904095418292,114.7234876160336,33.849233431279515,Inside,OnFoot,
1670448187040,50.8138894,-0.1031992,46.400001525878906,50.813631883878834,-0.10453710150930612,31.851806640625,288.4036466326279,97.44760930404868,33.892847764688504,Inside,OnFoot,
1670448188046,50.8138511,-0.1031867,46.400001525878906,50.813631591480224,-0.1045216635630374,31.935546875,289.6636415355162,85.24097672980321,33.936406045950115,Inside,OnFoot,
1670448189042,50.8138176,-0.1031787,46.400001525878906,50.813636214577485,-0.1045173693686244,32.19580078125,290.84402676049956,78.72674478214071,33.984738658190736,Inside,OnFoot,
1670448190037,50.8137879,-0.1031735,46.400001525878906,50.813647563080046,-0.10453298796403092,32.5433349609375,291.8923217119678,52.6348166568398,34.02817931333484,Inside,OnFoot,
1670448191035,50.8137607,-0.103172,46.400001525878906,50.81365729101421,-0.10454939122008451,33.6666259765625,292.6673508539575,25.59903032943248,34.07638175819847,Inside,Stationary,
1670448192048,50.8137368,-0.1031734,46.400001525878906,50.81365955079759,-0.10454915625461263,33.57537841796875,292.6673508539575,4.918626820921531,34.12451611496704,Inside,Stationary,
1670448193040,50.8136672,-0.1031838,46.400001525878906,50.81366873657607,-0.1045488468258546,34.224853515625,292.7516905015095,354.16534069881965,34.167779058576656,Inside,OnFoot,
1670448194039,50.8136361,-0.1031876,46.400001525878906,50.81367847331785,-0.1045510421777836,34.0892333984375,293.9089108927158,349.1132404813394,34.21098729225102,Inside,OnFoot,
1670448195032,50.8136098,-0.103191,46.400001525878906,50.813687025121375,-0.1045538160376303,33.94659423828125,295.0064357928309,346.5204605031052,34.254141023030634,Inside,OnFoot,
1670448196040,50.8135886,-0.1031932,46.400001525878906,50.81369697068876,-0.10455763556150534,34.3443603515625,296.2778979859092,344.59069649161336,34.297240456642314,Inside,OnFoot,
1670448197040,50.8135886,-0.1031932,46.400001525878906,50.81370670102123,-0.10456186866459335,33.2415771484375,297.5557447404061,343.3156387794605,34.34506528295825,Inside,OnFoot,
1670448198037,50.8135653,-0.1031998,46.400001525878906,50.81371554174398,-0.1045660511724179,33.3604736328125,298.7146797522651,342.4298084875021,34.38805075903215,Inside,OnFoot,
1670448199034,50.8135579,-0.1032026,46.400001525878906,50.81372492006343,-0.10457085594668998,33.33538818359375,300.0177401757937,341.1918306694518,34.430982569784845,Inside,OnFoot,
1670448200033,50.813553,-0.1032043,46.400001525878906,50.81373405746756,-0.10457568191503223,33.97845458984375,301.26931100291233,341.50026047537614,34.47862188473861,Inside,OnFoot,
1670448201046,50.8135797,-0.1032115,46.400001525878906,50.813743999445805,-0.10458048434239305,33.68695068359375,302.58023579814096,344.0112679668236,34.52144105893955,Inside,OnFoot,
1670448202037,50.8136022,-0.1032187,46.400001525878906,50.81375338760971,-0.1045843804573456,33.14544677734375,303.8545555849631,346.5211394103002,34.568955713702124,Inside,OnFoot,
1670448203029,50.8136213,-0.1032236,46.400001525878906,50.81376372645355,-0.10458827096161971,32.4530029296875,305.1989791079168,346.5272347156126,34.61640514966951,Inside,OnFoot,
1670448204047,50.8136394,-0.1032261,46.400001525878906,50.81377412514964,-0.1045923326419255,33.39190673828125,306.55743645446654,345.5050467208172,34.66378963466378,Inside,OnFoot,
1670448205042,50.8136553,-0.1032215,46.400001525878906,50.81378368018,-0.10459636710074822,33.48577880859375,307.8102843067342,344.83460943628023,34.70638035795918,Inside,OnFoot,
1670448206044,50.8136706,-0.1032075,46.400001525878906,50.81379322177847,-0.10460017147145262,32.8966064453125,309.12642174260696,346.52730088329724,34.75364216742287,Inside,OnFoot,
1670448207040,50.8136706,-0.1032075,46.400001525878906,50.81379041814014,-0.1045984691504183,32.44696044921875,310.37731115810317,353.3435054349218,34.79612291069227,Inside,OnFoot,
1670448208040,50.8137012,-0.1031735,46.400001525878906,50.81377921419048,-0.10458983904609649,32.75592041015625,311.4370384839007,19.439787007738914,34.83855185467836,Inside,OnFoot,
1670448209030,50.8137158,-0.1031553,46.400001525878906,50.8137853654665,-0.10458406185184765,32.73046875,312.41846500272663,39.13009284519978,34.88092918839505,Inside,OnFoot,
1670448210038,50.8137276,-0.1031403,46.400001525878906,50.81379311848638,-0.1045753720764829,32.75640869140625,313.4900050647935,54.192097689536865,34.9232550997344,Inside,OnFoot,
1670448211031,50.8137374,-0.1031278,46.400001525878906,50.81379393098447,-0.1045646889537516,33.008056640625,314.55942090179525,62.05199137457532,34.97022380699164,Inside,OnFoot,
1670448212035,50.8137446,-0.103117,46.400001525878906,50.81379730242324,-0.10455464132029596,32.9359130859375,315.4784229566573,79.94172388782829,35.012441771833636,Inside,OnFoot,
1670448213036,50.8137494,-0.1031067,46.400001525878906,50.81377420068518,-0.10454876493693772,32.88336181640625,316.45588094271443,110.2580646765407,35.05460889156786,Inside,OnFoot,
1670448214038,50.8137531,-0.1030976,46.400001525878906,50.81377119856219,-0.10454150934200233,32.723876953125,317.2118640241783,132.48325226346094,35.10140183654705,Inside,OnFoot,
1670448215038,50.8137524,-0.1030877,46.400001525878906,50.813767969102315,-0.10453516693597487,32.950927734375,318.0042313935789,147.6789284919803,35.14346221711177,Inside,OnFoot,
1670448216043,50.8137494,-0.1030791,46.400001525878906,50.81376478064444,-0.10452934004121447,32.5191650390625,318.8218851764026,156.64323761065612,35.19013701245957,Inside,OnFoot,
1670448217040,50.8137478,-0.1030713,46.400001525878906,50.813759325233804,-0.10452609939241313,31.77557373046875,319.6529232406112,162.42730766341288,35.23674998216425,Inside,OnFoot,
1670448218038,50.8137411,-0.1030678,46.400001525878906,50.81375366724718,-0.10452358076514488,31.46380615234375,320.45965735595155,165.35277487257758,35.27864899652931,Inside,OnFoot,
1670448219032,50.8137343,-0.1030661,46.400001525878906,50.81374818921309,-0.10451961419703842,31.59088134765625,321.31930829602624,167.40333690850673,35.320498308135654,Inside,OnFoot,
1670448220040,50.8137274,-0.1030705,48.28161347584097,50.81374217595215,-0.1045169692559598,31.8638916015625,322.18168162518623,169.79032161139662,35.366939464492845,Inside,OnFoot,
1670448221044,50.8137019,-0.10309,48.111693375488684,50.81373587144169,-0.10451395037417681,31.1978759765625,323.0594819008922,172.3153380855057,35.40868442628173,Inside,OnFoot,
1670448222035,50.8136892,-0.1031007,48.111693375488684,50.813728549564956,-0.1045111859625438,31.39825439453125,324.0364319412476,172.4522959205333,35.455010071216236,Inside,OnFoot,
1670448223034,50.8136892,-0.1031007,48.111693375488684,50.81372113245468,-0.10450873146868193,29.927978515625,324.98782492030443,174.3179393792676,35.50127526582482,Inside,OnFoot,
1670448224040,50.8136656,-0.1031259,46.400001525878906,50.81371337858422,-0.10450658098199019,29.74609375,325.9535026083658,175.03106083212856,35.5428624510573,Inside,OnFoot,
1670448225033,50.8136552,-0.1031355,48.111693375488684,50.81370478422532,-0.10450456975375207,29.5999755859375,327.01999275735466,175.36947734034595,35.58901343904609,Inside,OnFoot,
1670448226044,50.8136455,-0.1031441,46.400001525878906,50.813696383894914,-0.10450292981557625,29.764892578125,328.11424613584177,174.3042732088586,35.635104656987636,Inside,OnFoot,
1670448227034,50.8136406,-0.1031541,46.400001525878906,50.813687931073616,-0.10450080691883881,28.95526123046875,329.140502885524,174.08867329490408,35.676535841211745,Inside,OnFoot,
1670448228034,50.8136369,-0.103159,46.400001525878906,50.813678884770816,-0.10449898127435027,29.22979736328125,330.23637475596473,175.88218770105505,35.722514132952796,Inside,OnFoot,
1670448229033,50.8136345,-0.1031587,46.400001525878906,50.81366987118136,-0.10449726438563144,29.00323486328125,331.3275446855162,174.50705078802412,35.768433322262084,Inside,OnFoot,
1670448230041,50.8136314,-0.1031538,46.400001525878906,50.81366038783046,-0.10449536187824356,27.9981689453125,332.476884919971,174.78061284215016,35.809710247980476,Inside,OnFoot,
1670448231040,50.8136294,-0.1031388,46.400001525878906,50.81365052896926,-0.10449384897002058,29.0078125,333.6771908341275,177.52074318170799,35.8509396495959,Inside,OnFoot,
1670448232038,50.8136213,-0.1031179,46.400001525878906,50.81364080571506,-0.10449327028038424,29.2733154296875,334.8358744672761,181.11702398541684,35.896694556868766,Inside,OnFoot,
1670448233043,50.8136057,-0.1030976,46.400001525878906,50.813632066562114,-0.10449345112184229,28.88690185546875,335.9766977481698,181.24973974739805,35.93782416652286,Inside,OnFoot,
1670448234041,50.8135843,-0.1030778,46.400001525878906,50.81362218425386,-0.10449324023099084,28.64300537109375,337.16704946737474,180.17987403928976,35.97890675852595,Inside,OnFoot,
1670448235048,50.8135639,-0.103061,46.400001525878906,50.81361186545946,-0.10449299147395352,27.77215576171875,338.4298314281905,179.87325219415436,36.02449913445431,Inside,OnFoot,
1670448236043,50.8135424,-0.1030503,46.400001525878906,50.81360218135047,-0.10449282413358767,27.66455078125,339.61378122287164,181.5335361476923,36.065482994183824,Inside,OnFoot,
1670448237048,50.8135192,-0.1030408,46.400001525878906,50.81359204165363,-0.1044934040171781,26.90948486328125,340.89065204274334,183.89446326472012,36.11096606231574,Inside,OnFoot,
1670448238041,50.8134963,-0.1030322,46.400001525878906,50.81358321757688,-0.10449439007013678,26.67523193359375,342.04387253348256,185.52474493950672,36.1518518981912,Inside,OnFoot,
1670448239044,50.8134746,-0.1030242,46.400001525878906,50.81357329127283,-0.10449576679709878,28.6307373046875,343.33788026899066,186.42359433020295,36.19269154654798,Inside,OnFoot,
1670448240036,50.8134505,-0.103017,46.400001525878906,50.813563689017805,-0.10449764057055866,33.3299560546875,344.58252599925123,189.56902745987975,36.233485163567025,Inside,OnFoot,
1670448241042,50.8134253,-0.1030153,46.400001525878906,50.81355401646027,-0.10450027840201227,33.5643310546875,345.87255900209215,191.35791657785444,36.27423290454784,Inside,OnFoot,
1670448242038,50.8134253,-0.1030153,46.400001525878906,50.81354468811565,-0.10450318665674073,34.1436767578125,347.13324824750845,192.30035099315614,36.31945455486618,Inside,OnFoot,
1670448243033,50.8133733,-0.1030273,46.400001525878906,50.81353490833904,-0.1045064074169208,33.1995849609375,348.4635577947715,192.31783821444003,36.36461996931719,Inside,OnFoot,
1670448244047,50.8133486,-0.1030404,46.400001525878906,50.813525405713804,-0.10450973088580856,36.3294677734375,349.7918850661836,193.21779732621678,36.40972935717141,Inside,OnFoot,
1670448245046,50.8133293,-0.1030532,46.400001525878906,50.813516552169666,-0.10451346595362877,38.35809326171875,351.0190605035955,199.55323485519546,36.4502800754356,Inside,OnFoot,
1670448246040,50.8133113,-0.1030653,46.400001525878906,50.813519372425276,-0.10451986305388589,44.01141357421875,352.1790720214367,225.83588092198966,36.49078573136675,Inside,OnFoot,
1670448247039,50.8132947,-0.1030754,46.400001525878906,50.81351966451838,-0.1045309476412726,47.6796875,353.38156351377654,250.72059501946524,36.531246474868134,Inside,OnFoot,
1670448248043,50.8132786,-0.1030885,46.400001525878906,50.8135176139443,-0.10454376742182042,46.6314697265625,354.51974999835846,265.95995504497193,36.576150362736364,Inside,OnFoot,
1670448249035,50.8132711,-0.1030995,46.400001525878906,50.81351689112204,-0.1045569009119635,47.5406494140625,355.648760979366,275.1973425863638,36.616516779626465,Inside,OnFoot,
1670448250043,50.813271,-0.1031097,46.400001525878906,50.81351750071803,-0.10457100222391827,47.08099365234375,356.87283077404123,281.0543937066175,36.66131622599817,Inside,OnFoot,
1670448251044,50.8132747,-0.1031192,46.400001525878906,50.8135192419531,-0.10458475224499388,46.262451171875,358.10372388542976,285.02627824300816,36.70606099505479,Inside,OnFoot,
1670448252043,50.8132807,-0.1031282,46.400001525878906,50.813520997695356,-0.10459874895177486,45.49713134765625,359.3384775174074,285.8601014038694,36.75075128650272,Inside,OnFoot,
1670448253045,50.8132807,-0.1031282,46.400001525878906,50.813522683126244,-0.10461184935118334,45.52716064453125,360.4813677044644,286.7632825461469,36.790926134546055,Inside,OnFoot,
1670448254045,50.8132936,-0.1031456,46.400001525878906,50.813524738177954,-0.10462543526672398,44.802734375,361.6765085480238,287.74519461003695,36.83551346442292,Inside,OnFoot,
1670448255043,50.8133056,-0.1031559,48.277545648954366,50.81352685993982,-0.10463884984521471,43.57513427734375,362.84641308636026,288.3919920933382,36.87559596674581,Inside,OnFoot,
1670448256047,50.8133128,-0.1031639,48.26372700162204,50.8135317445179,-0.10464754731733324,41.9000244140625,364.09069136470777,288.1883221300608,36.92008104341786,Inside,OnFoot,
1670448257042,50.8133194,-0.103176,48.26372700162204,50.81354784401992,-0.10462232959264711,43.0081787109375,365.1301625405493,290.0065557388818,36.96451258440204,Inside,OnFoot,
1670448258046,50.8133256,-0.1031864,48.26372700162204,50.813554685464524,-0.10461109798901294,43.095703125,365.60816002303017,291.3125506612756,37.0088907825188,Inside,Stationary,
1670448259040,50.813328,-0.1031987,48.26372700162204,50.813555320268,-0.10461364978763787,41.0787353515625,365.60816002303017,291.6645840346911,37.05321582943257,Inside,Stationary,
1670448260040,50.813328,-0.1031987,48.26372700162204,50.81355988564782,-0.10463270392444517,41.756591796875,366.44783738485637,291.21324480670194,37.09306308486186,Inside,OnFoot,
1670448261040,50.8133341,-0.1032216,46.5,50.813563331998395,-0.10464682290956598,43.718017578125,367.70650450839383,291.2219450706877,37.137287668425635,Inside,OnFoot,
1670448262039,50.8133368,-0.1032272,46.5,50.813566696058665,-0.10466039653298764,43.7095947265625,368.9332224838864,291.68902389404366,37.18145965017154,Inside,OnFoot,
1670448263042,50.8133407,-0.1032299,46.5,50.813570316937295,-0.10467446020133321,45.3587646484375,370.14026796845104,292.59994695543674,37.221169613976194,Inside,OnFoot,
1670448264045,50.8133429,-0.1032343,46.5,50.81357424893028,-0.10468902541809302,45.041015625,371.45816433725116,293.7432067695783,37.26524216723067,Inside,OnFoot,
1670448265044,50.8133421,-0.1032432,46.5,50.8135782789151,-0.10470294908800724,45.01177978515625,372.81049018684536,295.1206184903516,37.3092626586551,Inside,OnFoot,
1670448266039,50.8133411,-0.1032557,46.5,50.813582243881775,-0.10471602350887053,46.07623291015625,374.0046833856768,295.9336444867945,37.34883674021937,Inside,OnFoot,
1670448267038,50.8133382,-0.1032707,46.5,50.81358624773325,-0.10472905469316825,46.08453369140625,375.28033134312545,295.8466110614023,37.39275882035781,Inside,OnFoot,
1670448268047,50.813334,-0.103287,46.5,50.81359085204043,-0.10474373923852227,46.36529541015625,376.71939432994014,296.88356073579735,37.436629369476435,Inside,OnFoot,
1670448269040,50.8133297,-0.1033017,46.5,50.813594847678736,-0.10475580847435405,47.28802490234375,377.91029243595335,298.44316457875647,37.47606895423812,Inside,OnFoot,
1670448270045,50.813326,-0.1033135,46.5,50.81359963772408,-0.10476902898488154,48.050537109375,379.20405314975596,301.8951858420295,37.51984209205805,Inside,OnFoot,
1670448271042,50.8133214,-0.1033261,46.5,50.813604884369695,-0.1047821235589207,48.6588134765625,380.5528333609641,303.29145100258347,37.559194298175576,Inside,OnFoot,
1670448272046,50.813318,-0.1033393,46.5,50.81361012225128,-0.10479475874664333,48.24298095703125,381.86485372909357,303.6870341626397,37.60287067070917,Inside,OnFoot,
1670448273042,50.8133147,-0.1033549,46.5,50.81361567519246,-0.10480771648284742,48.084228515625,383.23994966059865,304.8563303262641,37.64649637121369,Inside,OnFoot,
1670448274047,50.813311,-0.103371,46.5,50.81362091494695,-0.10481952536431753,48.4638671875,384.5109078224535,305.2954748795736,37.6857163225391,Inside,OnFoot,
1670448275036,50.8133073,-0.103386,46.5,50.81362643473436,-0.10483195553989129,48.52252197265625,385.84334312390627,305.39982360156915,37.72924623011624,Inside,OnFoot,
1670448276039,50.8133041,-0.1034016,46.5,50.81363221312875,-0.10484478295128882,45.36761474609375,387.2275206812192,305.10261589672024,37.772725973152916,Inside,OnFoot,
1670448277039,50.8133005,-0.1034225,46.5,50.81363758731421,-0.10485682351745118,46.20819091796875,388.49768890597915,305.25465900822246,37.811814994227746,Inside,OnFoot,
1670448278045,50.8132991,-0.1034453,46.5,50.813643485676835,-0.10487007547230305,46.41522216796875,389.8909649130362,305.17573021561674,37.850863647644886,Inside,OnFoot,
1670448279037,50.8133005,-0.1034735,46.5,50.81364934096673,-0.10488280237497948,43.50946044921875,391.22383331077503,307.4293323448443,37.894203847327624,Inside,OnFoot,
1670448280032,50.8133049,-0.1035059,46.5,50.81365531176729,-0.10489457729023928,44.21319580078125,392.5276088135863,310.1165990151136,37.933167689213434,Inside,OnFoot,
1670448281037,50.8133089,-0.1035386,46.5,50.8136616863328,-0.10490674996704162,44.52374267578125,393.92795351030685,309.26462435395416,37.97641396035084,Inside,OnFoot,
1670448282038,50.8133129,-0.1035706,43.9742761040694,50.81366778769383,-0.10491848632281775,44.87603759765625,395.26938392991525,310.14064902559016,38.01961104006549,Inside,OnFoot,
1670448283042,50.8133166,-0.1036126,46.5,50.81367406130423,-0.10493038754350999,45.32537841796875,396.57200953630627,310.9936520715113,38.05844649158663,Inside,OnFoot,
1670448284043,50.8133166,-0.1036126,46.5,50.81368068542721,-0.10494239259683968,46.92193603515625,397.97518261356595,312.2447438101494,38.1015505682264,Inside,OnFoot,
1670448285039,50.8133132,-0.1036535,46.5,50.81368745445994,-0.10495400852782406,46.3768310546875,399.3454619458289,313.7759875144423,38.140302586871826,Inside,OnFoot,
1670448286040,50.8133094,-0.1036713,46.5,50.81369395602356,-0.10496475827354762,46.886962890625,400.6590793307587,314.20793231825655,38.17901527191669,Inside,OnFoot,
1670448287036,50.8133055,-0.1036845,46.5,50.81370104068265,-0.10497599338017126,47.711181640625,402.0634455675322,315.71630720455585,38.221983379768275,Inside,OnFoot,
1670448288041,50.8133025,-0.1036966,46.5,50.81370752327399,-0.10498579131676317,48.5872802734375,403.32429369017194,316.88115935430335,38.26061341900134,Inside,OnFoot,
1670448289036,50.8133,-0.1037056,46.5,50.81371468855172,-0.10499584737628852,47.92962646484375,404.73602173238675,318.5318378437874,38.29920449452145,Inside,OnFoot,
1670448290046,50.8132993,-0.1037138,46.5,50.81372181289835,-0.10500550917824912,47.16668701171875,406.08270782660037,319.7521093699372,38.34203791223221,Inside,OnFoot,
1670448291040,50.8133012,-0.1037222,46.5,50.81372951123393,-0.10501521655307618,48.5333251953125,407.4815428251362,322.6355609108382,38.38054711671267,Inside,OnFoot,
1670448292041,50.8133032,-0.1037381,46.5,50.813737004481176,-0.10502406839826424,48.90460205078125,408.8318123905693,323.0264668717643,38.419017721612825,Inside,OnFoot,
1670448293036,50.8133069,-0.1037546,46.5,50.813744849912965,-0.1050334559491588,49.9229736328125,410.25373927710666,322.25041047555237,38.46171770791807,Inside,OnFoot,
1670448294042,50.8133105,-0.103773,46.5,50.81375193616446,-0.10504243631697498,50.74200439453125,411.55424189040417,320.71389030977673,38.50010720450774,Inside,OnFoot,
1670448295035,50.8133136,-0.1037908,46.5,50.81375496465807,-0.10504427878482085,50.43914794921875,412.8958234264777,320.79640356409527,38.54271735501575,Inside,OnFoot,
1670448296036,50.8133169,-0.1038094,46.5,50.8137619759857,-0.10505360046270917,48.4891357421875,414.19633847494003,319.08750404450006,38.585280450692025,Inside,OnFoot,
1670448297043,50.8133222,-0.1038287,46.5,50.81376959362553,-0.10506528295800532,47.45849609375,415.650104554469,312.4990615924985,38.627796647084516,Inside,OnFoot,
1670448298040,50.81333,-0.1038477,46.5,50.81377580930278,-0.10507690440137511,46.8216552734375,416.92154358627056,308.3455866221786,38.666021252820244,Inside,OnFoot,
1670448299038,50.8133362,-0.1038688,46.5,50.81377731602172,-0.10508124740387696,46.98321533203125,418.2173352302174,307.8520002297664,38.70844876604262,Inside,OnFoot,
1670448300038,50.8133427,-0.1038895,46.5,50.81378311864717,-0.10509221052869101,46.77734375,419.4550702825432,311.79354700750184,38.7465938062737,Inside,OnFoot,
1670448301036,50.8133492,-0.1039095,46.5,50.81379035498492,-0.10510395512253494,46.62969970703125,420.79723190937955,317.00596843184974,38.788933188968045,Inside,OnFoot,
1670448302037,50.8133569,-0.1039287,46.5,50.81379821425908,-0.10511474729117656,46.246337890625,422.08722840284616,322.2756679108384,38.83122640720775,Inside,OnFoot,
1670448303033,50.8133647,-0.1039478,46.5,50.81380564534627,-0.1051235733754408,46.767333984375,423.3517986891152,323.97826558969723,38.869250957575936,Inside,OnFoot,
1670448304036,50.813371,-0.1039672,46.5,50.81380491456997,-0.10511803798613059,46.624755859375,424.68396914659763,326.4491010229562,38.91145687779878,Inside,OnFoot,
1670448305038,50.813371,-0.1039672,46.5,50.81380776730469,-0.10511840727684156,46.6260986328125,425.90169227770554,327.4318756058007,38.95361706828906,Inside,OnFoot,
1670448306026,50.8133799,-0.1039958,46.5,50.81381443193352,-0.10512494600494604,46.84613037109375,427.0373608743703,328.48644502365494,38.99152226341265,Inside,OnFoot,
1670448307029,50.8133868,-0.1040075,46.5,50.813822469299154,-0.1051329429078719,46.4261474609375,428.25816682726565,329.87027837462256,39.03359597536862,Inside,OnFoot,
1670448308036,50.8133957,-0.1040221,46.5,50.81381187252228,-0.10511394851729665,46.43572998046875,429.24171460873464,330.07444991089943,39.07142357891921,Inside,OnFoot,
1670448309043,50.8133957,-0.1040221,46.5,50.81380430003514,-0.10509993676851798,46.40802001953125,430.2689921741837,331.87775206859055,39.10921459449742,Inside,OnFoot,
1670448310038,50.8134137,-0.1040506,46.5,50.81378930239747,-0.10507628546803072,45.8746337890625,430.9995585751922,335.7587820145691,39.14696912805854,Inside,Stationary,
1670448311037,50.8134289,-0.1040588,46.5,50.81378971875679,-0.10507641049835124,45.42816162109375,430.9995585751922,336.61552053765797,39.18468728506455,Inside,Stationary,
1670448312044,50.8134437,-0.1040595,46.5,50.81378972558126,-0.10507641181806882,45.78106689453125,430.9995585751922,341.72370458940225,39.22236917045279,Inside,Stationary,
1670448313041,50.8134614,-0.1040558,46.5,50.813789725756166,-0.10507641189845567,45.80126953125,430.9995585751922,343.77808784356296,39.26001488866871,Inside,Stationary,
