1670447379127,50.8113515,-0.1036497,48.310155747545046,50.811221,-0.1035425,46.0,NaN,NaN,NaN,NA,NA,
1670447380036,50.8113515,-0.1036497,48.310155747545046,50.81241796,-0.10481455000000002,40.8487548828125,0.0,90.0,57.29577951308232,NA,Stationary,
1670447381024,50.812418,-0.1048146,43.394800403824,50.8123929509092,-0.10480748000191911,41.8280029296875,0.0,90.0,49.621461241580654,NA,Stationary,
1670447382028,50.8123777,-0.1048048,42.99933692667203,50.81236588500756,-0.10480602690582451,44.0877685546875,0.0,281.65183949803077,44.40769511687053,NA,Stationary,
1670447383033,50.8123582,-0.104805,42.99933692667203,50.812360002972646,-0.10480242136130816,43.8270263671875,0.06456690050810276,158.77589955649876,20.692427529983643,NA,OnFoot,
1670447384033,50.812356,-0.1048037,42.85345725591416,50.812347233192355,-0.10482240857786587,44.56707763671875,0.6945786911810848,224.75977761963952,15.154845521664283,NA,OnFoot,
1670447385023,50.8123494,-0.1048289,42.68724899187873,50.81234040979192,-0.10483671669513454,44.524169921875,1.8714141884767832,233.03079275554705,12.526672829125472,NA,OnFoot,
1670447386027,50.8123498,-0.1048448,44.524169921875,50.81233792888507,-0.10485300976957623,44.6400146484375,3.071817656584603,256.48611655779746,10.918391993633017,NA,OnFoot,
1670447387053,50.8123513,-0.1048534,44.6400146484375,50.81233803839873,-0.10487003966727332,44.955810546875,4.296056417678815,270.5815695377963,9.802846891529452,NA,OnFoot,
1670447388047,50.8123533,-0.1048671,42.68724899187873,50.81233911120846,-0.10488775131093193,45.2818603515625,5.479039747410286,275.461135676196,8.959000928292841,NA,OnFoot,
1670447389041,50.8123556,-0.1048852,45.2818603515625,50.81234055984312,-0.10490615528941882,45.5126953125,6.6746125499283915,277.0821400279427,8.296460483730934,NA,OnFoot,
1670447390049,50.8123574,-0.1049051,45.5126953125,50.81234462941697,-0.1049248033987741,44.19171142578125,7.8986853021840515,289.0062841417979,7.757699795561938,NA,OnFoot,
1670447391054,50.8123613,-0.1049188,44.19171142578125,50.81234934196388,-0.10494212199072944,44.531005859375,9.115790230646894,293.2431603970244,7.331356639497755,NA,OnFoot,
1670447392045,50.8123662,-0.1049316,44.531005859375,50.812353898458,-0.10495826350969528,44.69134521484375,10.316992664849707,294.0154953483644,6.9600828438574665,NA,OnFoot,
1670447393047,50.8123704,-0.1049462,44.69134521484375,50.812359148126994,-0.10497441528023206,44.33758544921875,11.530592889151468,297.15821264007195,6.649014999418919,Outside,OnFoot,
1670447394048,50.8123749,-0.1049603,44.33758544921875,50.81236513781357,-0.10498989839552496,44.34332275390625,12.745327673967244,301.40834827391325,6.387440902888209,Outside,OnFoot,
1670447395049,50.8123804,-0.1049735,44.34332275390625,50.8123716032585,-0.1050046244216328,44.0623779296875,13.957245400270102,304.7215062545663,6.168148638798392,Outside,OnFoot,
1670447396036,50.8123859,-0.1049856,44.0623779296875,50.81237825071049,-0.10501833260071071,44.02801513671875,15.149736629808176,307.4304558129851,6.009232931913019,Outside,OnFoot,
1670447397023,50.8123916,-0.104997,44.02801513671875,50.81238403442148,-0.10503169105061659,43.67010498046875,16.33814320972704,304.34802960719605,5.831144035937903,Outside,OnFoot,
1670447398043,50.8123962,-0.1050089,43.67010498046875,50.81238899325755,-0.10504577403574573,43.83050537109375,17.56083642765447,299.06421394440304,5.729326396485776,Outside,OnFoot,
1670447399050,50.8123993,-0.1050226,43.83050537109375,50.81239380007352,-0.10505965892076523,43.4329833984375,18.767282707292875,298.6532367910198,5.646715698133405,Outside,OnFoot,
1670447400044,50.8124025,-0.1050369,43.4329833984375,50.81239814612279,-0.10507361502304345,43.37939453125,19.957394775429734,296.1752519081183,5.555410370646759,Outside,OnFoot,
1670447401050,50.8124054,-0.1050531,43.37939453125,50.812403097841994,-0.10508767442850636,43.2099609375,21.167225885388852,299.0700813828089,5.505982755350779,Outside,OnFoot,
1670447402041,50.8124091,-0.1050684,43.2099609375,50.81240842096189,-0.1051013768129702,42.89361572265625,22.357578514982066,301.51561155124887,5.44170837643327,Outside,OnFoot,
1670447403049,50.8124136,-0.1050821,42.89361572265625,50.81241354447093,-0.10511545134652403,43.23150634765625,23.573039848615895,299.8807077864766,5.388433782147279,Outside,OnFoot,
1670447404054,50.8124181,-0.1050971,43.23150634765625,50.81241844019811,-0.10512997857236521,43.225341796875,24.78470782583261,298.00961086898417,5.345229244371133,Outside,OnFoot,
1670447405042,50.8124224,-0.1051138,43.225341796875,50.81242371267465,-0.10514439067791834,43.352294921875,25.980412898909652,300.00362626054846,5.2838233749479855,Outside,OnFoot,
1670447406046,50.8124274,-0.1051314,43.352294921875,50.81242859556378,-0.10515933269090047,43.55828857421875,27.201708026438567,297.2848222039362,5.259469739693575,Outside,OnFoot,
1670447407045,50.8124318,-0.1051496,43.55828857421875,50.81243371806934,-0.10517412003574644,43.3868408203125,28.422277504549466,298.66872728649207,5.267661998779686,Outside,OnFoot,
1670447408041,50.812436,-0.1051651,43.3868408203125,50.81244206053752,-0.10518541914438341,43.07720947265625,29.63857694345087,319.3673689197484,5.250356131414646,Outside,OnFoot,
1670447409051,50.812444,-0.1051736,41.864896554450326,50.8124541244093,-0.10519019349873367,42.64263916015625,30.86719050166286,345.9243716289617,5.24336421605005,Outside,OnFoot,
1670447410062,50.812456,-0.105173,41.54217811724213,50.812467358497834,-0.1051889613941218,42.35009765625,32.08963525348864,3.3759736009727703,5.277173010028178,Outside,OnFoot,
1670447411042,50.8124761,-0.1051674,44.33228604996489,50.81248033152461,-0.1051836390334646,42.01519775390625,33.26977245127275,14.570581658913454,5.319751405347422,Outside,OnFoot,
1670447412047,50.8124888,-0.1051596,41.864896554450326,50.81249311549942,-0.10517630627955044,42.2847900390625,34.48663354940093,19.971614960416105,5.36508357465392,Outside,OnFoot,
1670447413053,50.8125027,-0.1051536,42.09360211887304,50.81250550748666,-0.10516778489705551,42.4171142578125,35.71576574182542,23.541563602818087,5.3806958501764335,Outside,OnFoot,
1670447414042,50.8125168,-0.1051484,51.675316082515494,50.8125175273968,-0.10515865530318692,42.6986083984375,36.94028804808395,25.697775650151584,5.393274870452655,Outside,OnFoot,
1670447415054,50.8125304,-0.1051435,47.10000228881836,50.812529476377556,-0.10514916429766123,43.13836669921875,38.21433561000352,26.713314717636422,5.4245206083033395,Outside,OnFoot,
1670447416047,50.8125432,-0.1051388,47.10000228881836,50.81254065492585,-0.10513892375960793,43.22998046875,39.47905944875218,30.131000244752784,5.417782785788102,Outside,OnFoot,
1670447417051,50.8125549,-0.105133,47.10000228881836,50.81255173478,-0.105127483512139,43.32025146484375,40.772249271776865,33.191654095060414,5.4034618382315145,Outside,OnFoot,
1670447418052,50.8125659,-0.1051253,47.10000228881836,50.81256232621166,-0.10511834523172248,43.51751708984375,42.07509088615879,28.66279123464699,5.408430026466611,Outside,OnFoot,
1670447419042,50.8125758,-0.1051206,47.10000228881836,50.81257422141423,-0.10511847564924486,43.3026123046875,43.358284778642165,359.6022501298538,5.375788427747943,Outside,OnFoot,
1670447420049,50.8125834,-0.1051239,47.10000228881836,50.812583302891355,-0.10513042404907294,43.18804931640625,44.60509938620384,320.18676771176456,5.373926295533202,Outside,OnFoot,
1670447421047,50.8125854,-0.1051341,47.10000228881836,50.81258744989181,-0.10514979211431003,43.08624267578125,45.77498119434142,288.6732617194864,5.335766017254669,Outside,OnFoot,
1670447422048,50.8125816,-0.1051426,47.10000228881836,50.8125877536427,-0.10517041441350626,43.1143798828125,46.89786929169634,271.33206375765525,5.327236855752976,Outside,OnFoot,
1670447423053,50.8125746,-0.1051424,47.10000228881836,50.81258273390311,-0.10518881128791864,43.13116455078125,47.99251350083499,246.69993387593524,5.396208765628527,Outside,OnFoot,
1670447424047,50.8125704,-0.1051353,47.10000228881836,50.81258314437103,-0.10518888859305284,43.14508056640625,49.022439364185615,353.19587945405385,5.438019631993234,Outside,OnFoot,
1670447425049,50.8125715,-0.1051286,47.10000228881836,50.812587458245446,-0.10519151868722244,42.74273681640625,50.00316369788058,338.8802386213494,5.465738257984955,Outside,OnFoot,
1670447426052,50.8125763,-0.1051287,47.10000228881836,50.81259236770229,-0.10519670529302035,42.7210693359375,50.95642451488417,326.2049145849371,5.507074404160655,Outside,OnFoot,
1670447427039,50.8125804,-0.105139,47.10000228881836,50.8125942816894,-0.10520477877245425,42.54461669921875,51.886039485047775,290.51560028374206,5.510738966947267,Outside,OnFoot,
1670447428044,50.8125796,-0.1051533,47.10000228881836,50.8125888453174,-0.10521133967533422,42.46112060546875,52.78100746625984,217.40229844446276,5.541234893333337,Outside,OnFoot,
1670447429036,50.8125742,-0.1051613,47.10000228881836,50.81257712125235,-0.10520706144974784,42.4210205078125,53.49954486124551,166.98269607379189,5.594762028119698,Outside,OnFoot,
1670447430049,50.8125701,-0.1051591,47.10000228881836,50.81256873517406,-0.10517275451521366,42.3818359375,54.192186414671475,111.09812125159988,5.640519162873636,Outside,OnFoot,
1670447431048,50.8125706,-0.1051531,47.10000228881836,50.812570241668226,-0.10516659993978392,42.7001953125,54.96913388509389,68.87618822043567,5.742343588702175,Outside,OnFoot,
1670447432049,50.8125766,-0.1051476,47.10000228881836,50.81257294058928,-0.10516830682511474,42.63055419921875,55.9311429492765,338.1651095966986,5.824959952718403,Outside,OnFoot,
1670447433036,50.812585,-0.1051442,47.10000228881836,50.812577124647675,-0.10517218432007248,42.2061767578125,56.9092993409805,329.58142535614434,5.863768836716685,Outside,OnFoot,
1670447434038,50.8125949,-0.1051409,47.10000228881836,50.81254480597819,-0.1051963419764174,42.3701171875,56.95956070382792,201.29147866961546,6.403655845647147,Inside,OnFoot,
1670447435031,50.8126045,-0.1051358,47.10000228881836,50.8125388591212,-0.1051972842038405,42.6834716796875,57.908323105133235,185.95441439707668,6.63033053208773,Inside,OnFoot,
1670447436030,50.8126131,-0.1051315,47.10000228881836,50.81252920622608,-0.10519647094530102,42.68505859375,58.87474560532026,162.0382578417973,6.873432289323411,Inside,OnFoot,
1670447437031,50.8126216,-0.105128,47.10000228881836,50.81251894751629,-0.10518811874719847,42.77197265625,60.00855659107424,128.9252201690881,7.108224197949063,Inside,OnFoot,
1670447438032,50.8126307,-0.1051243,47.10000228881836,50.81251325177699,-0.10517601030149618,42.78033447265625,60.97634046322524,103.78843868026911,7.2906157309963415,Inside,OnFoot,
1670447439037,50.8126396,-0.1051198,47.10000228881836,50.81251138767043,-0.10515948535992416,42.80859375,62.13303981497796,81.98194159112091,7.49049997229617,Inside,OnFoot,
1670447440033,50.8126481,-0.105115,47.10000228881836,50.81253148243767,-0.10515417687667154,42.845703125,63.15686485434654,67.49366863012216,7.706514522406068,Inside,OnFoot,
1670447441031,50.8126564,-0.10511,47.10000228881836,50.81253416839563,-0.1051459711712819,42.9146728515625,63.814402893931614,59.835553586984815,7.895878152495616,Inside,OnFoot,
1670447442046,50.8126648,-0.105105,47.10000228881836,50.81253625656507,-0.10513434939501715,41.97515869140625,64.58919574041542,54.81492628811321,8.101092138122192,Inside,OnFoot,
1670447443040,50.8126737,-0.1051021,42.520535728604116,50.81253966433548,-0.10512224665138574,40.783935546875,65.42894641254034,51.2195636954869,8.301234646340216,Inside,OnFoot,
1670447444041,50.8126831,-0.1051004,42.10427519633058,50.8125439740008,-0.1051116603347393,42.8907470703125,66.26082839135331,49.16098035432128,8.477323920449162,Inside,OnFoot,
1670447445031,50.8127037,-0.1050962,44.57166469184516,50.812548783949175,-0.10509923615716943,42.75689697265625,67.15518382859139,47.47826374984112,8.668784492734432,Inside,OnFoot,
1670447446029,50.8127128,-0.1050947,43.848398973542416,50.812554128453705,-0.10508693318947748,42.77392578125,68.05643721861817,46.852297475995044,8.81896068146051,Inside,OnFoot,
1670447447045,50.8127206,-0.105093,44.4984781456063,50.812560437481636,-0.105073294043334,43.23980712890625,69.08738103589751,48.51457664284669,8.984909093917265,Inside,OnFoot,
1670447448045,50.8127279,-0.1050921,44.57166469184516,50.81256697734556,-0.10505899580052244,43.2388916015625,70.16136099194452,49.614108856800726,9.16577308711686,Inside,OnFoot,
1670447449036,50.8127344,-0.1050916,83.80000305175781,50.81257303105898,-0.10504540882683772,43.23809814453125,71.13225718228226,50.49086987424846,9.325552034702428,Inside,OnFoot,
1670447450030,50.8127403,-0.1050914,83.80000305175781,50.81258013076091,-0.10503025597631059,43.2374267578125,72.28486103517452,50.45386237833338,9.482639159024199,Inside,OnFoot,
1670447451033,50.8127454,-0.1050913,83.80000305175781,50.812587392642136,-0.10501528459983847,43.23687744140625,73.4433451756388,50.134376080185234,9.65418307725061,Inside,OnFoot,
1670447452035,50.8127501,-0.1050912,83.80000305175781,50.8125939203933,-0.10500202196890089,43.2364501953125,74.54941329358594,51.75706106541088,9.822731638996194,Inside,OnFoot,
1670447453091,50.8127543,-0.1050912,83.80000305175781,50.81260072466563,-0.10498743290214325,43.2364501953125,75.69149660080835,53.22287903458101,9.988436440132693,Inside,OnFoot,
1670447454170,50.8127543,-0.1050912,83.80000305175781,50.81260891744077,-0.10496901007973398,43.2364501953125,77.0783666841486,54.11859707459246,10.151436747353355,Inside,OnFoot,
1670447455229,50.8127543,-0.1050912,83.80000305175781,50.81261612877955,-0.10495275092710042,43.2364501953125,78.33196554223935,54.018987520738335,10.311860837553853,Inside,OnFoot,
1670447456288,50.8127543,-0.1050912,83.80000305175781,50.81262333918608,-0.10493710854675359,43.2364501953125,79.54408276197054,52.759852352108794,10.469827118797973,Inside,OnFoot,
1670447457344,50.8127543,-0.1050912,83.80000305175781,50.81263102395613,-0.10492103026005235,43.2364501953125,80.89817569916914,52.662185649348544,10.609986118816268,Inside,OnFoot,
1670447458428,50.8127543,-0.1050912,83.80000305175781,50.812639240141294,-0.10490364671105858,43.2364501953125,82.30299399705888,52.936596794656566,10.7635780058043,Inside,OnFoot,
1670447459479,50.8127543,-0.1050912,83.80000305175781,50.812647068667836,-0.1048872936269262,43.2364501953125,83.6100536094007,52.132157558968856,10.91500881631325,Inside,OnFoot,
1670447460588,50.8127543,-0.1050912,83.80000305175781,50.81265452974044,-0.10487214346621873,43.2364501953125,84.93982230780598,52.547720071654055,11.064367297893371,Inside,OnFoot,
1670447461708,50.8127543,-0.1050912,83.80000305175781,50.812663179072814,-0.104853888372018,43.2364501953125,86.44583999384514,52.884056290868614,11.226366754019162,Inside,OnFoot,
1670447462761,50.8127543,-0.1050912,83.80000305175781,50.81267113443133,-0.10483754467437974,43.2364501953125,87.83048612339118,51.76855701303697,11.386061536624325,Inside,OnFoot,
1670447463830,50.8127543,-0.1050912,83.80000305175781,50.812679324866245,-0.10482112805246856,43.2364501953125,89.25753835331169,51.60457404379554,11.543547295312703,Inside,OnFoot,
1670447464908,50.8127543,-0.1050912,83.80000305175781,50.81268709046548,-0.10480561877140426,43.2364501953125,90.62182491802268,51.55159569276685,11.67081872673634,Inside,OnFoot,
1670447465961,50.8127543,-0.1050912,83.80000305175781,50.812694831954914,-0.10479037776777572,43.2364501953125,91.97375967104924,51.25833219403182,11.810623014791052,Inside,OnFoot,
1670447467020,50.8127543,-0.1050912,83.80000305175781,50.8127027503021,-0.1047745309652324,43.2364501953125,93.3474793959226,52.047440372698304,11.948791665151266,Inside,OnFoot,
1670447468031,50.8127543,-0.1050912,83.80000305175781,50.812710183213774,-0.1047594841136263,36.84521484375,94.6594154766878,52.260786545286464,12.085380777172768,Inside,OnFoot,
1670447469031,50.8130004,-0.1050706,83.80000305175781,50.812717856964596,-0.10474352381412136,39.05853271484375,96.04239442573542,53.142287741427594,12.220443314874446,Inside,OnFoot,
1670447470030,50.8130064,-0.1050329,83.80000305175781,50.81272483995392,-0.10472870575463422,40.2862548828125,97.32224110583796,53.17118800665338,12.340735815543809,Inside,OnFoot,
1670447471040,50.8130187,-0.1050124,49.17352458787228,50.812732648996764,-0.10471267718580723,36.68212890625,98.72402974453135,51.72045707228443,12.47303358325134,Inside,OnFoot,
1670447472043,50.8130292,-0.1049939,45.10228610242241,50.81274064990577,-0.10469705131254818,34.766357421875,100.10958153536488,50.029074884259614,12.603942759137448,Inside,OnFoot,
1670447473044,50.813042,-0.1049704,42.63489660690784,50.813028268309246,-0.10492323432832501,38.24090576171875,101.48404505019418,18.604990201335625,6.791863254179281,Outside,OnFoot,
1670447474054,50.8130476,-0.1049615,42.63489660690784,50.81305853782335,-0.10492107688173767,43.01251220703125,102.8901424804115,2.5855875683624845,6.371534640779526,Outside,OnFoot,
1670447475045,50.8130587,-0.1049505,42.458019102517724,50.81307908481448,-0.10491468159905587,45.7630615234375,104.29830274857989,11.15535386611009,6.210081806102399,Outside,OnFoot,
1670447476041,50.8130774,-0.1049315,41.49034102851084,50.81309821596069,-0.10490713396471893,48.20062255859375,105.74120573024278,14.033597958059772,6.088399719857752,Outside,OnFoot,
1670447477047,50.8130957,-0.1049145,69.30000305175781,50.8131172795125,-0.10490016011753109,50.132080078125,107.22145268782005,13.048932286362628,5.987685057665897,Outside,OnFoot,
1670447478038,50.8131142,-0.1049008,69.30000305175781,50.8131363147397,-0.10489314934512872,52.38427734375,108.69879324341761,13.13447049642582,5.918209683110806,Outside,OnFoot,
1670447479052,50.8131336,-0.1048885,69.30000305175781,50.8131553063002,-0.10488471433422639,54.06768798828125,110.23342637417932,15.716070613947409,5.797013693367636,Outside,OnFoot,
1670447480036,50.8131553,-0.1048746,69.30000305175781,50.813172356630716,-0.10487399507691068,53.61920166015625,111.74042348531395,21.71759657060136,5.705029010846317,Outside,OnFoot,
1670447481049,50.813176,-0.1048596,69.30000305175781,50.81318944869276,-0.10486212573051208,55.02740478515625,113.29926893403268,23.747654678214644,5.638096712852203,Outside,OnFoot,
1670447482038,50.8131958,-0.1048447,69.30000305175781,50.81320406518886,-0.10485113385646191,54.50738525390625,114.80092901206034,25.475120333364657,5.547730302562683,Outside,OnFoot,
1670447483039,50.8132133,-0.104832,69.30000305175781,50.813210313231906,-0.1048438623018498,54.623291015625,116.19041981601417,36.40266435104593,5.495926708425812,Outside,OnFoot,
1670447484029,50.8132288,-0.1048217,69.30000305175781,50.81322236645722,-0.10483652942624168,54.77166748046875,117.38134831023316,21.078482188549117,5.461912284797114,Outside,OnFoot,
1670447485038,50.8132444,-0.1048141,69.30000305175781,50.81323745579627,-0.10482889347619609,54.28143310546875,118.61377007475933,17.776268478924123,5.437604649789129,Outside,OnFoot,
1670447486051,50.8132606,-0.1048076,69.30000305175781,50.813252755738894,-0.10482137162506167,53.11102294921875,119.89471181840294,17.300243736046355,5.417204160395506,Outside,OnFoot,
1670447487045,50.8132755,-0.1048016,69.30000305175781,50.81326696826684,-0.10481311415021385,50.6551513671875,121.19272469483454,20.208279255604452,5.3721530572009835,Outside,OnFoot,
1670447488047,50.8132865,-0.1047958,50.6551513671875,50.813280225538506,-0.10480448232345513,49.349853515625,122.53139078930967,22.416393628836715,5.3305641936310355,Outside,OnFoot,
1670447489049,50.8132953,-0.1047902,49.349853515625,50.81329190135749,-0.10479513660412527,48.193115234375,123.89049296338598,26.89021643491958,5.319353539615694,Outside,OnFoot,
1670447490042,50.8133014,-0.1047849,48.193115234375,50.81330111614472,-0.10478099794556597,48.1019287109375,125.23418398754062,44.188956518073724,5.257728323371454,Outside,OnFoot,
1670447491041,50.8133058,-0.1047756,48.1019287109375,50.81330792098476,-0.10476334511435721,47.98016357421875,126.5881791400799,58.6816526913982,5.264799503922558,Outside,OnFoot,
1670447492033,50.8133096,-0.1047624,47.98016357421875,50.81331510460989,-0.10474936743059773,47.8131103515625,127.93394876422431,50.95098531465612,5.273288573046119,Outside,OnFoot,
1670447493030,50.813315,-0.1047524,47.8131103515625,50.81332592121101,-0.10474681581983478,46.587158203125,129.28051509456623,8.500047320163617,5.249642470288815,Outside,OnFoot,
1670447494035,50.8133202,-0.1047533,46.587158203125,50.813337030207045,-0.1047568884154129,46.4239501953125,130.62229088410282,330.1250459630432,5.2603248162042995,Outside,OnFoot,
1670447495031,50.8133203,-0.1047659,46.4239501953125,50.81334292025151,-0.1047767392892276,45.8812255859375,131.9267537913328,295.0954103144151,5.290283266407621,Outside,OnFoot,
1670447496035,50.8133124,-0.104781,45.8812255859375,50.81334094823223,-0.10479986533543646,45.7264404296875,133.2072192829732,262.3343104003345,5.320360385256242,Outside,OnFoot,
1670447497034,50.8132998,-0.1047885,45.7264404296875,50.81333259937608,-0.10481924634546667,45.48687744140625,134.44038118522153,235.78665772812633,5.3764874418476465,Outside,OnFoot,
1670447498031,50.8132871,-0.1047844,45.48687744140625,50.81331976327378,-0.10483129179032943,45.47247314453125,135.639100191319,210.7325408484669,5.449863889644816,Outside,OnFoot,
1670447499046,50.8132794,-0.1047714,45.47247314453125,50.813305109587326,-0.10483561326238434,45.62359619140625,136.83591140614956,190.58302446264884,5.528811120823147,Outside,OnFoot,
1670447500049,50.8132794,-0.1047562,45.62359619140625,50.81329867088656,-0.1048348565819631,45.67242431640625,138.0045108226136,175.7419066676622,5.625195367431339,Outside,OnFoot,
1670447501045,50.8132864,-0.1047472,45.67242431640625,50.81329625417679,-0.10484163077427784,45.49639892578125,139.15115512109156,240.61610668873152,5.639759307768024,Outside,OnFoot,
1670447502050,50.8132961,-0.1047489,45.49639892578125,50.81329735485509,-0.10485109823290817,45.5765380859375,140.29413457163668,280.3983635409626,5.655992052374633,Outside,OnFoot,
1670447503048,50.8133038,-0.1047607,45.5765380859375,50.81329802811906,-0.1048608165728808,45.8082275390625,141.41267651076328,276.24044453718864,5.650661246258812,Outside,OnFoot,
1670447504049,50.8133053,-0.1047779,45.8082275390625,50.81329405336732,-0.10487036584907662,45.62286376953125,142.51991889860201,236.69551241279385,5.628464933577351,Outside,OnFoot,
1670447505045,50.8132988,-0.1047933,45.945933580666996,50.81328554055429,-0.10487749324227282,45.55548095703125,143.60880742561284,207.94342225961998,5.624049646954705,Outside,OnFoot,
1670447506054,50.8132869,-0.1048032,46.45592816125533,50.81327449882469,-0.10488071247247772,45.92425537109375,144.7068301108339,190.46532489377046,5.616038806641467,Outside,OnFoot,
1670447507039,50.8132677,-0.1048115,46.02892040561999,50.81326326878391,-0.1048799956990748,45.85888671875,145.76194187112068,177.68443011037016,5.584194152996933,Outside,OnFoot,
1670447508052,50.813255,-0.1048138,45.85888671875,50.81325104511567,-0.10487764230332672,46.23583984375,146.80172221602754,173.04569400482183,5.559928224017256,Outside,OnFoot,
1670447509043,50.8132402,-0.1048161,45.06060773648537,50.81323829463402,-0.10487549164349122,46.76953125,147.82537918698839,173.9004140183613,5.516157792314359,Outside,OnFoot,
1670447510042,50.8132255,-0.1048193,46.02892040561999,50.81322560957033,-0.10487343234060112,46.950439453125,148.88728865043464,174.1277633519669,5.50401485941584,Outside,OnFoot,
1670447511048,50.8132117,-0.1048241,43.56153091010542,50.81321206693314,-0.1048719639723436,47.10992431640625,149.99333356642703,176.07039431170278,5.490773316201434,Outside,OnFoot,
1670447512041,50.8131982,-0.1048301,43.56153091010542,50.813199248652104,-0.10486982301282705,47.10791015625,151.12632858035684,173.95959043301082,5.44812734444878,Outside,OnFoot,
1670447513051,50.8131856,-0.1048361,47.10791015625,50.813185305915574,-0.10486762499561501,47.1771240234375,152.31574689439884,174.29643800926192,5.430223700160357,Outside,OnFoot,
1670447514048,50.8131729,-0.104841,47.1771240234375,50.81317174927086,-0.10486452056493925,47.3031005859375,153.52944532802584,171.74509084263582,5.4340618327897605,Outside,OnFoot,
1670447515041,50.8131599,-0.1048444,47.3031005859375,50.81315791833543,-0.10486213561281738,47.5887451171875,154.77865558998022,173.76536516709314,5.403414142771059,Outside,OnFoot,
1670447516042,50.8131469,-0.1048483,47.5887451171875,50.81315513669467,-0.104865742309933,47.46710205078125,155.81646817578115,172.48047296123923,6.46747176889971,Inside,OnFoot,
1670447517043,50.8131378,-0.1048521,47.46710205078125,50.8131428606957,-0.10486357710979541,47.60595703125,157.1082723499956,172.4478722255085,6.716468098208117,Inside,OnFoot,
1670447518052,50.8131282,-0.1048585,47.60595703125,50.81313210549313,-0.1048617959992196,48.14453125,158.22773498983733,173.04066295875384,6.9329230229158645,Inside,OnFoot,
1670447519046,50.8131282,-0.1048585,47.60595703125,50.813119555819036,-0.10485977252169093,49.54925537109375,159.54915409517184,173.64586716052236,7.165764831959432,Inside,OnFoot,
1670447520039,50.8131038,-0.1048715,49.54925537109375,50.81310408949527,-0.10486625808921218,50.4085693359375,160.91146678226394,178.64040542342775,6.261971143032961,Outside,OnFoot,
1670447521042,50.8130924,-0.1048752,50.4085693359375,50.8130900298457,-0.10486932748502564,50.657958984375,162.20716229705104,187.87479104434942,5.791952496824798,Outside,OnFoot,
1670447522042,50.8130812,-0.104878,50.657958984375,50.81308065261137,-0.1048635253096871,50.846923828125,163.41126681642058,178.64040542342775,6.741630743455816,Inside,OnFoot,
1670447523028,50.8130689,-0.1048815,50.846923828125,50.81306914771576,-0.10486151821837149,51.02886962890625,164.6695715706382,178.64040542342775,6.957305827495238,Inside,OnFoot,
1670447524037,50.8130564,-0.1048898,51.02886962890625,50.813056239441366,-0.10485915277217485,50.9434814453125,166.05917204050468,173.82613378292103,7.189360121340909,Inside,OnFoot,
1670447525048,50.8130442,-0.1049007,50.9434814453125,50.81305991807246,-0.10486112376200558,50.89959716796875,167.36676837477413,198.82101394647748,7.414153591363841,Inside,OnFoot,
1670447526043,50.8130321,-0.1049103,50.89959716796875,50.81305239031745,-0.1048690037019215,50.8486328125,168.3884157566238,223.97487377279447,7.5891974909301325,Inside,OnFoot,
1670447527050,50.8130227,-0.104918,50.8486328125,50.81304959299913,-0.1048800126990724,51.3275146484375,169.54732494360746,221.74142254337858,7.802481319447536,Inside,OnFoot,
1670447528042,50.8130172,-0.1049249,51.3275146484375,50.813054282326675,-0.10488446316553297,51.40216064453125,170.5472501855385,204.66306083184816,8.010087726784835,Inside,OnFoot,
1670447529045,50.8130143,-0.1049314,51.40216064453125,50.81304636605732,-0.10488854670498762,51.6568603515625,171.35903591852133,195.39347006509524,8.192437303237742,Inside,OnFoot,
1670447530038,50.8130106,-0.1049385,51.6568603515625,50.81303588618368,-0.10489197060899946,51.80413818359375,172.31791890665988,189.066089615819,8.39040114791609,Inside,OnFoot,
1670447531037,50.8130062,-0.1049459,51.80413818359375,50.81302540576674,-0.10489439452139712,51.602294921875,173.2331896356527,186.20747648946576,8.564657244445257,Inside,OnFoot,
1670447532029,50.8129982,-0.1049525,51.602294921875,50.813014247534696,-0.10489641786893246,51.678466796875,174.19815382058567,184.43890409187145,8.735437964630805,Inside,OnFoot,
1670447533028,50.8129884,-0.1049584,51.678466796875,50.813002150397615,-0.10489816558203541,51.68768310546875,175.27088652678273,183.37264017200516,8.921360892312554,Inside,OnFoot,
1670447534029,50.8129779,-0.1049638,45.28505386771252,50.8129899067732,-0.10489958125494435,51.71954345703125,176.37618374491996,182.45014769363138,9.103487477320765,Inside,OnFoot,
1670447535032,50.8129672,-0.104969,45.75849331630127,50.812984582436144,-0.10489950959931332,51.7393798828125,177.32499389720277,183.00231164034358,9.264340718317891,Inside,OnFoot,
1670447536040,50.8129565,-0.1049739,45.75849331630127,50.812973719607946,-0.10490072845846951,51.75921630859375,178.40243115448658,183.63504198032547,9.439852453761237,Inside,OnFoot,
1670447537029,50.8129459,-0.1049788,45.75849331630127,50.81296106531773,-0.10490221478371267,51.75042724609375,179.50441781569472,183.0707737741011,9.612159955694638,Inside,OnFoot,
1670447538088,50.8129362,-0.1049834,45.99791234912393,50.81294809639621,-0.10490394245190639,51.75042724609375,180.64334313753713,184.587531405155,9.798199046604262,Inside,OnFoot,
1670447539139,50.8129362,-0.1049834,45.99791234912393,50.812934730223986,-0.1049058056433712,51.75042724609375,181.81931578368494,183.71465664713412,9.964311801262587,Inside,OnFoot,
1670447540209,50.8129362,-0.1049834,45.99791234912393,50.81292129989455,-0.10490700006591062,51.75042724609375,183.01769971337367,180.8360416172161,10.111480323424104,Inside,OnFoot,
1670447541289,50.8129362,-0.1049834,45.99791234912393,50.81290763495206,-0.10490772845821884,51.75042724609375,184.2583113517051,180.5653244342467,10.256537385454925,Inside,OnFoot,
1670447542349,50.8129362,-0.1049834,45.99791234912393,50.8128940768037,-0.104908359453894,51.75042724609375,185.51507175127702,180.72418934372763,10.39957134091484,Inside,OnFoot,
1670447543448,50.8129362,-0.1049834,45.99791234912393,50.8128793352453,-0.10490939790944125,51.75042724609375,186.91803582525586,182.12475329578274,10.556225165910107,Inside,OnFoot,
1670447544508,50.8129362,-0.1049834,45.99791234912393,50.81286528454208,-0.10491037607465872,51.75042724609375,188.23912431363044,181.29935784561587,10.710588010199352,Inside,OnFoot,
1670447545560,50.8129362,-0.1049834,45.99791234912393,50.81285067594503,-0.10491130388733777,51.75042724609375,189.5691075264966,181.43160198179748,10.847636632690097,Inside,OnFoot,
1670447546628,50.8129362,-0.1049834,45.99791234912393,50.812835666081185,-0.10491214749403675,51.75042724609375,191.0473203345341,181.5632881658861,10.997910095207862,Inside,OnFoot,
1670447547708,50.8129362,-0.1049834,45.99791234912393,50.812821702744124,-0.10491312570590039,51.75042724609375,192.43102042501678,183.06855105167426,11.14615774441306,Inside,OnFoot,
1670447548776,50.8129362,-0.1049834,45.99791234912393,50.81280689087841,-0.10491446929867204,51.75042724609375,193.92794908391625,183.36532745194722,11.306985413711022,Inside,OnFoot,
1670447549830,50.8129362,-0.1049834,45.99791234912393,50.81279240789109,-0.10491595074353599,51.75042724609375,195.40893499450763,183.89521136426174,11.451232476613225,Inside,OnFoot,
1670447550912,50.8129362,-0.1049834,45.99791234912393,50.81277915272727,-0.10491719760088679,51.75042724609375,196.7545703031177,183.89646430558946,11.593684977419706,Inside,OnFoot,
1670447551964,50.8129362,-0.1049834,45.99791234912393,50.81276517195473,-0.1049189144313842,51.75042724609375,198.2054481263131,186.0612672517052,11.720411975381303,Inside,OnFoot,
1670447553015,50.8129362,-0.1049834,45.99791234912393,50.81275111297329,-0.10492143154083881,51.75042724609375,199.65605741371408,187.16731452664214,11.845783317940832,Inside,OnFoot,
1670447554090,50.8129362,-0.1049834,45.99791234912393,50.81273603318492,-0.10492440165193942,51.75042724609375,201.29006651102733,187.89771391426598,11.969841602150995,Inside,OnFoot,
1670447555174,50.8129362,-0.1049834,45.99791234912393,50.81272225032904,-0.10492722013904034,51.75042724609375,202.74567429541386,188.42775525939442,12.106193216689043,Inside,OnFoot,
1670447556233,50.8129362,-0.1049834,45.99791234912393,50.81270696128704,-0.1049302836230782,51.75042724609375,204.33975256676982,187.35149378558322,12.241026116469307,Inside,OnFoot,
1670447557029,50.8129362,-0.1049834,45.99791234912393,50.81269789842246,-0.10493193208703361,51.4761962890625,205.34174879486613,186.38765001288095,12.334532207625848,Inside,OnFoot,
1670447558043,50.8126308,-0.1051428,69.30000305175781,50.81268443453386,-0.1049343823285987,50.96868896484375,206.8336381300544,186.15110275765323,12.466895806263514,Inside,OnFoot,
1670447559036,50.8124379,-0.1051781,69.30000305175781,50.812672394441556,-0.10493656125097736,47.2884521484375,208.20895488701578,186.5462224719662,12.584832804609395,Inside,OnFoot,
1670447560041,50.8123642,-0.1051839,69.30000305175781,50.812660149363374,-0.104938854827389,46.914794921875,209.61633518354174,186.57620004734952,12.701674785801051,Inside,OnFoot,
1670447561043,50.8123396,-0.1051815,69.30000305175781,50.81264633099291,-0.10494163148545346,50.69635009765625,211.19279929185996,187.16230366421212,12.83025130791959,Inside,OnFoot,
1670447562040,50.8123424,-0.1051791,50.69635009765625,50.812474693518176,-0.1051714453998102,55.10308837890625,212.65590006945777,197.07736078610094,6.516425200296745,Outside,OnFoot,
1670447563041,50.8123598,-0.1051897,55.10308837890625,50.81243945374848,-0.10520949933009749,54.48162841796875,214.4735943016389,214.3784915649528,6.186474910211359,Outside,OnFoot,
1670447564022,50.8123781,-0.1052042,54.48162841796875,50.812425728548,-0.10523429280466405,53.27777099609375,216.2732616343157,228.8546214290035,6.046576896894718,Outside,OnFoot,
1670447565026,50.8123929,-0.1052185,53.27777099609375,50.81241887289524,-0.10525566003638097,52.630859375,218.0852654806713,243.14171637232118,5.92900962373741,Outside,OnFoot,
1670447566054,50.812404,-0.1052321,52.630859375,50.812412147486306,-0.10527266626191752,53.07476806640625,219.90275231412213,238.028045257283,5.8510211312165605,Outside,OnFoot,
1670447567041,50.812409,-0.1052461,42.074023764614836,50.81240657680476,-0.10528767332386609,52.272705078125,221.61158482468244,239.63430624337275,5.753416125670926,Outside,OnFoot,
1670447568048,50.8124106,-0.1052585,46.53929885888923,50.81240062741684,-0.10530059024854538,51.4794921875,223.32202128121216,233.98385782036416,5.683645972204303,Outside,OnFoot,
1670447569045,50.8124078,-0.1052709,47.10000228881836,50.81239370643635,-0.10531000677112581,51.1226806640625,224.98200321706358,220.7620211802489,5.589344437304631,Outside,OnFoot,
1670447570056,50.812406,-0.1052748,47.10000228881836,50.812385679968216,-0.10531654328584568,50.81964111328125,226.6259117294355,207.2920293466551,5.525081056595771,Outside,OnFoot,
1670447571049,50.8124027,-0.105277,47.10000228881836,50.812375444426415,-0.10531622756784154,49.39678955078125,228.19775414438536,178.88083508910586,5.46684151441883,Outside,OnFoot,
1670447572047,50.8123996,-0.1052742,43.20155501742606,50.81236548684562,-0.10531160930863694,48.65802001953125,229.7274796729415,163.6253902534529,5.41662387494248,Outside,OnFoot,
1670447573044,50.8123978,-0.1052683,47.10000228881836,50.81235708087326,-0.10530617990395498,48.2562255859375,231.19204911729946,157.7451757244428,5.323076841976786,Outside,OnFoot,
1670447574039,50.8123967,-0.1052625,47.10000228881836,50.812350670264216,-0.10530156437769328,47.90142822265625,232.58775409722722,155.4800979134128,5.274992695073239,Outside,OnFoot,
1670447575045,50.8123951,-0.1052574,47.10000228881836,50.812347973289754,-0.10529301820972553,47.82794189453125,233.9076800288584,116.47824039980094,5.269462581705381,Outside,OnFoot,
1670447576035,50.8123938,-0.1052532,47.10000228881836,50.81234837603378,-0.10528317552242338,47.5057373046875,234.99155830307294,86.30509958339138,5.254560043866315,Outside,OnFoot,
1670447577028,50.8123925,-0.1052499,47.10000228881836,50.812350215436474,-0.10526721839407573,47.26416015625,235.88074613033072,79.6886506137314,5.289115118740915,Outside,OnFoot,
